latitude,longitude,brightness,scan,track,acq_date,acq_time,satellite,instrument,confidence,version,bright_t31,frp,daynight
43.90913,21.51163,299.76,0.39,0.36,2025-06-01,0030,N21,VIIRS,n,2.0NRT,284.18,0.48,N
44.07855,22.10634,301.39,0.38,0.36,2025-06-01,0030,N21,VIIRS,n,2.0NRT,286.8,0.7,N
44.00901,19.88957,303.32,0.41,0.37,2025-06-01,0030,N21,VIIRS,n,2.0NRT,281.78,0.48,N
45.21373,21.1154,302.52,0.39,0.36,2025-06-01,0030,N21,VIIRS,n,2.0NRT,283.98,1.02,N
45.23912,19.63492,323.07,0.42,0.38,2025-06-01,0030,N21,VIIRS,n,2.0NRT,285.72,2.05,N
45.07109,19.19634,300.64,0.43,0.38,2025-06-01,0030,N21,VIIRS,n,2.0NRT,285.36,0.81,N
44.60746,20.96724,299.68,0.39,0.36,2025-06-01,0030,N21,VIIRS,n,2.0NRT,284.12,0.79,N
44.59946,20.97516,305.78,0.39,0.36,2025-06-01,0030,N21,VIIRS,n,2.0NRT,285.38,0.92,N
44.59875,20.98005,310.79,0.39,0.36,2025-06-01,0030,N21,VIIRS,n,2.0NRT,285.17,1.4,N
44.59615,20.97424,299.72,0.39,0.36,2025-06-01,0030,N21,VIIRS,n,2.0NRT,284.09,0.92,N
44.59749,20.97703,308.62,0.54,0.42,2025-06-02,0009,N21,VIIRS,n,2.0NRT,286.04,2.64,N
44.0811,22.10421,301.7,0.48,0.4,2025-06-02,0009,N21,VIIRS,n,2.0NRT,287.1,1.37,N
44.6022,20.97661,296.27,0.69,0.74,2025-06-02,0149,N21,VIIRS,n,2.0NRT,283.88,2.46,N
44.5993,20.97526,303.35,0.69,0.74,2025-06-02,0149,N21,VIIRS,n,2.0NRT,284.08,2.33,N
43.84201,19.88754,328.62,0.39,0.36,2025-06-02,1136,N21,VIIRS,l,2.0NRT,300.39,5.12,D
44.13115,21.35832,336.49,0.41,0.37,2025-06-02,1136,N21,VIIRS,n,2.0NRT,301.74,4.75,D
44.29493,20.61456,330.75,0.4,0.37,2025-06-02,1136,N21,VIIRS,l,2.0NRT,303.1,3.98,D
44.59774,20.97646,300.76,0.61,0.53,2025-06-02,2352,N21,VIIRS,n,2.0NRT,287.28,1.15,N
44.0789,22.10636,302.02,0.53,0.5,2025-06-02,2352,N21,VIIRS,n,2.0NRT,289.14,1.12,N
44.08242,22.1039,295.58,0.49,0.65,2025-06-03,0132,N21,VIIRS,n,2.0NRT,285.55,0.85,N
44.60042,20.97784,331.66,0.41,0.37,2025-06-03,1117,N21,VIIRS,l,2.0NRT,305.94,4.29,D
44.07892,22.10392,300.73,0.46,0.64,2025-06-03,2333,N21,VIIRS,n,2.0NRT,287.88,1.09,N
44.01107,19.88635,301.01,0.47,0.47,2025-06-04,0113,N21,VIIRS,n,2.0NRT,286.2,0.66,N
44.03921,20.48899,328.35,0.42,0.45,2025-06-04,1058,N21,VIIRS,l,2.0NRT,302.38,3.28,D
44.42624,20.69241,335.64,0.4,0.45,2025-06-04,1058,N21,VIIRS,n,2.0NRT,302.82,2.32,D
44.59793,20.97857,337.53,0.39,0.44,2025-06-04,1058,N21,VIIRS,n,2.0NRT,299.94,5.06,D
44.59848,20.97601,312.97,0.48,0.4,2025-06-05,0056,N21,VIIRS,n,2.0NRT,291.16,2.03,N
44.59494,20.9746,300.1,0.48,0.4,2025-06-05,0056,N21,VIIRS,n,2.0NRT,289.77,0.66,N
44.08084,22.10748,303.75,0.54,0.42,2025-06-05,0056,N21,VIIRS,n,2.0NRT,290.53,1.07,N
44.01242,19.8871,305.23,0.45,0.39,2025-06-05,0056,N21,VIIRS,n,2.0NRT,287.27,1,N
44.08088,22.10566,302.22,0.39,0.36,2025-06-06,0035,N21,VIIRS,n,2.0NRT,281.81,0.84,N
43.90887,21.50939,297.24,0.39,0.36,2025-06-06,0035,N21,VIIRS,n,2.0NRT,277.06,0.93,N
44.01037,19.88681,310.44,0.39,0.36,2025-06-06,0035,N21,VIIRS,n,2.0NRT,289.33,1.06,N
45.06967,19.19219,336.42,0.39,0.44,2025-06-06,1202,N21,VIIRS,l,2.0NRT,307.64,5.3,D
44.36419,20.9426,301.11,0.47,0.4,2025-06-07,0018,N21,VIIRS,n,2.0NRT,290.11,0.68,N
44.08096,22.10473,305.43,0.43,0.38,2025-06-07,0018,N21,VIIRS,n,2.0NRT,290.15,1.22,N
44.96895,19.62156,307.79,0.69,0.74,2025-06-07,0158,N21,VIIRS,n,2.0NRT,288.69,2.07,N
45.45456,20.82316,331.35,0.45,0.39,2025-06-07,1142,N21,VIIRS,n,2.0NRT,301.99,3.47,D
45.45388,20.81741,331.18,0.45,0.39,2025-06-07,1142,N21,VIIRS,n,2.0NRT,302.71,3.47,D
44.60109,20.9792,307.68,0.51,0.49,2025-06-07,2358,N21,VIIRS,n,2.0NRT,290.85,1.9,N
44.27181,22.41708,330.6,0.39,0.36,2025-06-08,1123,N21,VIIRS,n,2.0NRT,302.36,2.49,D
44.6717,20.95262,333.35,0.39,0.36,2025-06-08,1123,N21,VIIRS,l,2.0NRT,306.97,5.3,D
44.07926,22.10459,301.63,0.35,0.57,2025-06-09,0120,N21,VIIRS,n,2.0NRT,289.47,1.28,N
43.30661,19.91194,337.32,0.39,0.44,2025-06-09,1104,N21,VIIRS,n,2.0NRT,293.28,4.79,D
45.06202,19.19344,339.97,0.39,0.44,2025-06-09,1104,N21,VIIRS,n,2.0NRT,302.32,6.2,D
45.26831,19.85674,333.94,0.54,0.42,2025-06-09,1104,N21,VIIRS,l,2.0NRT,304.37,5.16,D
44.56705,22.56071,299.82,0.64,0.72,2025-06-09,2320,N21,VIIRS,n,2.0NRT,285.82,2.2,N
44.56643,22.56386,299.5,0.43,0.46,2025-06-10,0102,N21,VIIRS,n,2.0NRT,285.95,0.82,N
44.60043,20.97701,312.84,0.55,0.43,2025-06-10,0102,N21,VIIRS,n,2.0NRT,285.3,1.59,N
44.59666,20.97539,297.85,0.55,0.43,2025-06-10,0102,N21,VIIRS,n,2.0NRT,283.49,1.59,N
45.04945,19.18763,355.62,0.4,0.6,2025-06-10,1225,N21,VIIRS,n,2.0NRT,303.74,6.74,D
44.59908,20.9762,319.45,0.4,0.37,2025-06-11,0041,N21,VIIRS,n,2.0NRT,290.24,0.92,N
44.5958,20.97509,298.23,0.4,0.37,2025-06-11,0041,N21,VIIRS,n,2.0NRT,288,0.92,N
44.01149,19.88707,308.7,0.39,0.36,2025-06-11,0041,N21,VIIRS,n,2.0NRT,285.66,1.32,N
44.603,20.96981,301.89,0.42,0.38,2025-06-12,0024,N21,VIIRS,n,2.0NRT,289.62,1.01,N
44.59823,20.97944,299.55,0.42,0.38,2025-06-12,0024,N21,VIIRS,n,2.0NRT,288.1,1.06,N
44.07943,22.10652,306.05,0.4,0.37,2025-06-12,0024,N21,VIIRS,n,2.0NRT,289.84,0.87,N
43.91021,21.50993,301.4,0.4,0.37,2025-06-12,0024,N21,VIIRS,n,2.0NRT,287.67,0.44,N
44.01152,19.89075,300.01,0.45,0.39,2025-06-12,0024,N21,VIIRS,n,2.0NRT,284.45,1.02,N
43.71694,21.38983,328.5,0.75,0.77,2025-06-12,1009,N21,VIIRS,n,2.0NRT,294.06,5.43,D
43.72029,21.39224,334.53,0.52,0.42,2025-06-12,1147,N21,VIIRS,n,2.0NRT,304.71,7.13,D
44.52924,20.53412,331.79,0.49,0.4,2025-06-12,1147,N21,VIIRS,n,2.0NRT,299.18,4.64,D
45.01302,20.6259,332.28,0.5,0.41,2025-06-12,1147,N21,VIIRS,l,2.0NRT,304.78,2.23,D
45.20637,20.64237,334.97,0.5,0.41,2025-06-12,1147,N21,VIIRS,n,2.0NRT,305.13,4.54,D
44.86654,20.0715,300.85,0.47,0.48,2025-06-13,0003,N21,VIIRS,n,2.0NRT,285.46,0.75,N
44.71421,21.51857,297.11,0.4,0.44,2025-06-13,0003,N21,VIIRS,n,2.0NRT,283.79,0.34,N
44.0792,22.10691,301.46,0.56,0.43,2025-06-13,0003,N21,VIIRS,n,2.0NRT,288.52,1.07,N
43.90693,21.50948,299.55,0.39,0.44,2025-06-13,0003,N21,VIIRS,n,2.0NRT,285.64,0.66,N
44.01017,19.88778,296.19,0.47,0.48,2025-06-13,0003,N21,VIIRS,n,2.0NRT,284.77,0.69,N
42.61794,21.75414,296.07,0.56,0.43,2025-06-13,0005,N21,VIIRS,n,2.0NRT,284.65,0.71,N
42.61848,21.75263,299.31,0.56,0.43,2025-06-13,0005,N21,VIIRS,n,2.0NRT,284.91,1.03,N
42.45503,21.7932,295.22,0.55,0.43,2025-06-13,0005,N21,VIIRS,n,2.0NRT,283.33,0.36,N
42.6184,21.75353,308.42,0.75,0.77,2025-06-13,0145,N21,VIIRS,n,2.0NRT,283.51,3.11,N
42.6158,21.75716,330.54,0.39,0.36,2025-06-13,1128,N21,VIIRS,n,2.0NRT,297.35,6.48,D
42.61909,21.75628,339.91,0.39,0.36,2025-06-13,1128,N21,VIIRS,n,2.0NRT,303.27,6.48,D
45.89776,20.10313,298.88,0.41,0.61,2025-06-13,2346,N21,VIIRS,n,2.0NRT,283.63,0.86,N
44.72435,20.54213,305.01,0.38,0.59,2025-06-13,2346,N21,VIIRS,n,2.0NRT,283.31,1.25,N
44.01074,19.88813,295.06,0.41,0.61,2025-06-13,2346,N21,VIIRS,n,2.0NRT,283.53,0.5,N
43.90714,21.50904,296.65,0.34,0.56,2025-06-13,2346,N21,VIIRS,n,2.0NRT,285.33,0.59,N
42.6145,21.75721,312.62,0.32,0.55,2025-06-13,2346,N21,VIIRS,n,2.0NRT,284.85,1.1,N
44.59803,20.97514,318.15,0.36,0.57,2025-06-14,0126,N21,VIIRS,n,2.0NRT,286.14,1.47,N
44.59686,20.97935,296.74,0.36,0.57,2025-06-14,0126,N21,VIIRS,n,2.0NRT,285.22,1.47,N
44.07781,22.10394,300.15,0.42,0.61,2025-06-14,0126,N21,VIIRS,n,2.0NRT,286.43,1.24,N
44.07818,22.10397,300.65,0.42,0.61,2025-06-14,0126,N21,VIIRS,n,2.0NRT,286.48,1.2,N
42.73439,21.50949,326.83,0.45,0.39,2025-06-14,1110,N21,VIIRS,n,2.0NRT,295.01,3.16,D
44.59961,20.9787,337.76,0.44,0.39,2025-06-14,1110,N21,VIIRS,n,2.0NRT,310.74,5.09,D
44.92196,20.55587,335.46,0.45,0.39,2025-06-14,1110,N21,VIIRS,l,2.0NRT,307.88,3.89,D
44.6011,20.97753,307.43,0.43,0.46,2025-06-15,0107,N21,VIIRS,n,2.0NRT,286.59,1.31,N
44.59709,20.97568,296.44,0.43,0.46,2025-06-15,0107,N21,VIIRS,n,2.0NRT,285.35,0.57,N
44.0105,19.89,295.3,0.4,0.44,2025-06-15,0107,N21,VIIRS,n,2.0NRT,282.95,1.42,N
44.00951,19.88803,306.85,0.4,0.44,2025-06-15,0107,N21,VIIRS,n,2.0NRT,283.68,0.54,N
43.13565,21.00633,325.52,0.5,0.49,2025-06-15,1051,N21,VIIRS,n,2.0NRT,294.97,3.01,D
45.09028,20.98027,307.77,0.42,0.38,2025-06-16,0048,N21,VIIRS,n,2.0NRT,285.16,0.67,N
44.60265,20.97062,309.6,0.43,0.38,2025-06-16,0048,N21,VIIRS,n,2.0NRT,289.39,1.28,N
45.05365,19.18623,297.58,0.39,0.36,2025-06-16,0048,N21,VIIRS,n,2.0NRT,286.83,0.33,N
44.59828,20.97462,301.85,0.43,0.38,2025-06-16,0048,N21,VIIRS,n,2.0NRT,287.72,1.02,N
43.90796,21.5126,298.08,0.45,0.39,2025-06-16,0050,N21,VIIRS,n,2.0NRT,285.09,0.82,N
44.01089,19.88794,309.92,0.41,0.37,2025-06-16,0050,N21,VIIRS,n,2.0NRT,285.95,1.15,N
44.88869,20.77943,306.08,0.4,0.37,2025-06-17,0030,N21,VIIRS,n,2.0NRT,270.36,1.88,N
45.05914,19.19063,298.65,0.43,0.38,2025-06-17,0030,N21,VIIRS,n,2.0NRT,285.94,0.55,N
44.6546,21.97762,301.52,0.38,0.36,2025-06-17,0030,N21,VIIRS,n,2.0NRT,287.93,0.75,N
44.97531,19.64698,298.74,0.42,0.37,2025-06-17,0030,N21,VIIRS,n,2.0NRT,287.78,0.43,N
44.56146,19.67287,297.83,0.41,0.37,2025-06-17,0030,N21,VIIRS,n,2.0NRT,285.01,0.47,N
44.08062,22.10256,306.58,0.38,0.36,2025-06-17,0030,N21,VIIRS,n,2.0NRT,291.31,0.85,N
43.90824,21.50938,302.46,0.39,0.36,2025-06-17,0030,N21,VIIRS,n,2.0NRT,290.78,0.55,N
44.01048,19.88588,304.84,0.41,0.37,2025-06-17,0030,N21,VIIRS,n,2.0NRT,286.02,0.75,N
44.88708,20.78263,327.11,0.62,0.72,2025-06-17,1013,N21,VIIRS,n,2.0NRT,290.59,4.52,D
44.88676,20.78081,325.94,0.62,0.72,2025-06-17,1013,N21,VIIRS,n,2.0NRT,290.59,4.9,D
44.88646,20.78026,341.81,0.39,0.44,2025-06-17,1155,N21,VIIRS,n,2.0NRT,302.76,7.42,D
45.48046,19.2574,303.96,0.44,0.46,2025-06-18,0009,N21,VIIRS,n,2.0NRT,286.66,1.66,N
45.47999,19.26302,301.08,0.44,0.46,2025-06-18,0009,N21,VIIRS,n,2.0NRT,286.57,1.87,N
45.47622,19.25669,297.29,0.44,0.46,2025-06-18,0009,N21,VIIRS,n,2.0NRT,286.54,1.39,N
45.47575,19.26232,297.1,0.44,0.46,2025-06-18,0009,N21,VIIRS,n,2.0NRT,286.68,1.48,N
44.94078,21.3047,300.42,0.53,0.42,2025-06-18,0009,N21,VIIRS,n,2.0NRT,288.42,0.53,N
44.88971,20.77836,299.61,0.56,0.43,2025-06-18,0009,N21,VIIRS,n,2.0NRT,287.46,0.86,N
44.60386,20.96821,299.41,0.54,0.42,2025-06-18,0009,N21,VIIRS,n,2.0NRT,288.8,0.87,N
43.90758,21.5107,298.12,0.51,0.41,2025-06-18,0011,N21,VIIRS,n,2.0NRT,288.09,0.78,N
43.223,21.77391,321.36,0.49,0.4,2025-06-18,0011,N21,VIIRS,n,2.0NRT,288.01,3.02,N
44.07836,22.10379,302.28,0.53,0.5,2025-06-18,2352,N21,VIIRS,n,2.0NRT,289.88,1.49,N
44.07792,22.10393,301.15,0.5,0.65,2025-06-19,0132,N21,VIIRS,n,2.0NRT,288.12,1.14,N
42.98328,22.03236,330.97,0.4,0.37,2025-06-19,1117,N21,VIIRS,l,2.0NRT,302.42,1.3,D
43.85136,19.85595,333.01,0.44,0.38,2025-06-19,1117,N21,VIIRS,l,2.0NRT,306.64,4.81,D
44.59934,20.97586,338.65,0.41,0.37,2025-06-19,1119,N21,VIIRS,l,2.0NRT,309.31,9.51,D
45.47795,19.25871,312.37,0.65,0.73,2025-06-19,2331,N21,VIIRS,n,2.0NRT,286.31,2.97,N
44.0785,22.10376,300.1,0.46,0.64,2025-06-19,2333,N21,VIIRS,n,2.0NRT,290.06,1,N
44.99571,20.53167,298.39,0.56,0.69,2025-06-19,2333,N21,VIIRS,n,2.0NRT,286.48,0.69,N
44.99351,20.53755,301.08,0.47,0.48,2025-06-20,0113,N21,VIIRS,n,2.0NRT,288.2,0.52,N
44.01066,19.88807,299.2,0.47,0.48,2025-06-20,0113,N21,VIIRS,n,2.0NRT,286.84,1.14,N
44.83135,20.69788,301.52,0.49,0.48,2025-06-20,0113,N21,VIIRS,n,2.0NRT,289.91,0.57,N
44.83125,20.69769,301.1,0.49,0.48,2025-06-20,0113,N21,VIIRS,n,2.0NRT,289.83,0.83,N
42.94444,21.56718,346.85,0.4,0.44,2025-06-20,1058,N21,VIIRS,n,2.0NRT,300.58,5.56,D
42.94382,21.56949,340.17,0.4,0.44,2025-06-20,1058,N21,VIIRS,n,2.0NRT,303.23,10.02,D
42.94045,21.56845,339.3,0.4,0.44,2025-06-20,1058,N21,VIIRS,n,2.0NRT,297.82,5.56,D
43.07007,21.85031,339.65,0.38,0.43,2025-06-20,1058,N21,VIIRS,n,2.0NRT,299.61,7.1,D
44.28284,22.37632,332.71,0.52,0.41,2025-06-20,1058,N21,VIIRS,n,2.0NRT,306.68,21.94,D
44.28651,22.37476,336.74,0.52,0.41,2025-06-20,1058,N21,VIIRS,n,2.0NRT,300.71,21.94,D
43.06811,21.86111,367,0.78,0.78,2025-06-20,1238,N21,VIIRS,h,2.0NRT,292.58,43.41,D
43.06819,21.85091,348.58,0.78,0.78,2025-06-20,1238,N21,VIIRS,n,2.0NRT,294.52,43.41,D
45.19772,20.28561,333.44,0.66,0.73,2025-06-20,1240,N21,VIIRS,n,2.0NRT,297.18,3.51,D
45.20235,20.28458,331.42,0.66,0.73,2025-06-20,1240,N21,VIIRS,n,2.0NRT,297.58,3.8,D
43.90728,21.51033,296.63,0.52,0.41,2025-06-21,0056,N21,VIIRS,n,2.0NRT,284.42,0.51,N
42.45505,21.79363,302.08,0.57,0.43,2025-06-21,0056,N21,VIIRS,n,2.0NRT,281.95,0.85,N
44.08108,22.10538,299.27,0.54,0.42,2025-06-21,0056,N21,VIIRS,n,2.0NRT,287.2,1.23,N
43.85015,21.96807,297.38,0.54,0.42,2025-06-21,0056,N21,VIIRS,n,2.0NRT,282.14,0.79,N
44.01012,19.88931,308.4,0.45,0.39,2025-06-21,0056,N21,VIIRS,n,2.0NRT,284.3,1.21,N
45.30065,20.07677,312.75,0.44,0.38,2025-06-21,0056,N21,VIIRS,n,2.0NRT,282.87,1.99,N
45.29988,20.07542,313.8,0.44,0.38,2025-06-21,0056,N21,VIIRS,n,2.0NRT,283.34,1.16,N
44.78129,20.36545,302.63,0.45,0.39,2025-06-21,0056,N21,VIIRS,n,2.0NRT,291.75,0.95,N
44.60543,20.96626,306.06,0.48,0.4,2025-06-21,0056,N21,VIIRS,n,2.0NRT,285.83,1.57,N
44.02143,21.67111,341.3,0.62,0.54,2025-06-21,1041,N21,VIIRS,n,2.0NRT,292.78,9.97,D
44.86713,20.97453,337.75,0.63,0.54,2025-06-21,1041,N21,VIIRS,n,2.0NRT,303.15,4.49,D
45.29858,20.0792,329.94,0.34,0.56,2025-06-21,1041,N21,VIIRS,n,2.0NRT,301.08,2.49,D
44.02368,21.67654,339.03,0.44,0.62,2025-06-21,1219,N21,VIIRS,n,2.0NRT,295.07,4.97,D
44.01792,21.67689,331.83,0.44,0.62,2025-06-21,1219,N21,VIIRS,n,2.0NRT,298.01,8.6,D
44.01744,21.66231,354.54,0.44,0.62,2025-06-21,1219,N21,VIIRS,n,2.0NRT,302.23,15.45,D
44.02351,21.67133,334.82,0.44,0.62,2025-06-21,1219,N21,VIIRS,n,2.0NRT,297.47,4.97,D
44.0246,21.6742,328.92,0.44,0.63,2025-06-21,1219,N21,VIIRS,n,2.0NRT,292.33,6.19,D
44.02446,21.66894,331.81,0.44,0.62,2025-06-21,1219,N21,VIIRS,n,2.0NRT,296.57,4.53,D
44.66705,20.69687,335.28,0.4,0.6,2025-06-21,1219,N21,VIIRS,n,2.0NRT,300.84,3.51,D
44.01787,21.65338,298.86,0.39,0.36,2025-06-22,0035,N21,VIIRS,n,2.0NRT,280.45,0.29,N
44.01237,19.88921,302.07,0.39,0.36,2025-06-22,0035,N21,VIIRS,n,2.0NRT,281.48,1.11,N
43.3422,21.29114,306.87,0.39,0.36,2025-06-22,0035,N21,VIIRS,n,2.0NRT,287.35,0.6,N
43.34546,21.29212,299.29,0.39,0.36,2025-06-22,0035,N21,VIIRS,n,2.0NRT,287.45,0.6,N
43.90719,21.51225,299.23,0.39,0.36,2025-06-22,0035,N21,VIIRS,n,2.0NRT,282.58,0.73,N
45.22359,20.79353,305.04,0.38,0.36,2025-06-22,0035,N21,VIIRS,n,2.0NRT,283.75,1,N
44.60592,20.96996,300.04,0.38,0.36,2025-06-22,0035,N21,VIIRS,n,2.0NRT,287.04,0.76,N
44.60267,20.96895,301.56,0.38,0.36,2025-06-22,0035,N21,VIIRS,n,2.0NRT,286.77,0.76,N
44.59791,20.97745,326.77,0.38,0.36,2025-06-22,0035,N21,VIIRS,n,2.0NRT,285.82,2.31,N
44.65659,19.99671,304.94,0.39,0.36,2025-06-22,0035,N21,VIIRS,n,2.0NRT,294.04,1.15,N
44.42397,20.31351,295.54,0.38,0.36,2025-06-22,0035,N21,VIIRS,n,2.0NRT,285.21,0.61,N
44.07976,22.10412,306.06,0.39,0.36,2025-06-22,0035,N21,VIIRS,n,2.0NRT,287.92,1.1,N
44.01255,21.65762,345.64,0.51,0.49,2025-06-22,1202,N21,VIIRS,n,2.0NRT,309.1,10.7,D
44.08018,22.10338,308.49,0.43,0.38,2025-06-23,0018,N21,VIIRS,n,2.0NRT,289.39,1.29,N
44.59883,20.97836,317.25,0.47,0.4,2025-06-23,0018,N21,VIIRS,n,2.0NRT,288.21,3.01,N
43.99475,21.66424,295.61,0.44,0.38,2025-06-23,0018,N21,VIIRS,n,2.0NRT,283.09,0.9,N
43.99543,21.65872,313.32,0.44,0.38,2025-06-23,0018,N21,VIIRS,n,2.0NRT,282.68,0.9,N
44.02058,21.65881,296.76,0.44,0.38,2025-06-23,0018,N21,VIIRS,n,2.0NRT,283.79,0.45,N
44.00991,19.88805,299.92,0.51,0.41,2025-06-23,0018,N21,VIIRS,n,2.0NRT,283.94,0.87,N
43.99893,21.65456,342.32,0.47,0.4,2025-06-23,1142,N21,VIIRS,n,2.0NRT,311.6,11.3,D
43.99662,21.66669,340.28,0.47,0.4,2025-06-23,1142,N21,VIIRS,n,2.0NRT,309,8,D
43.99728,21.67242,331.54,0.47,0.4,2025-06-23,1142,N21,VIIRS,l,2.0NRT,305.67,8,D
43.89943,21.92653,333.28,0.48,0.4,2025-06-23,1142,N21,VIIRS,l,2.0NRT,307.35,3.55,D
44.65253,21.99025,300.1,0.45,0.47,2025-06-23,2358,N21,VIIRS,n,2.0NRT,289.43,0.5,N
44.59764,20.97421,301.84,0.51,0.49,2025-06-23,2358,N21,VIIRS,n,2.0NRT,285.83,1.59,N
44.07859,22.10661,302.24,0.44,0.46,2025-06-23,2358,N21,VIIRS,n,2.0NRT,291.45,1.22,N
44.01318,21.65503,297.24,0.46,0.47,2025-06-23,2358,N21,VIIRS,n,2.0NRT,285.64,0.43,N
44.00059,21.64799,313.5,0.46,0.47,2025-06-23,2358,N21,VIIRS,n,2.0NRT,288.88,1.22,N
43.99626,21.64734,298.13,0.46,0.47,2025-06-23,2358,N21,VIIRS,n,2.0NRT,284.87,1.22,N
44.59684,20.97647,300.1,0.5,0.66,2025-06-24,0137,N21,VIIRS,n,2.0NRT,286.6,1.13,N
44.00132,21.64859,311.84,0.56,0.69,2025-06-24,0137,N21,VIIRS,n,2.0NRT,287.86,1.37,N
43.99962,21.64871,302.25,0.56,0.69,2025-06-24,0137,N21,VIIRS,n,2.0NRT,287.57,2.07,N
43.1873,21.77393,349.59,0.38,0.36,2025-06-24,1121,N21,VIIRS,n,2.0NRT,313.12,6.88,D
43.18404,21.77489,352.03,0.38,0.36,2025-06-24,1121,N21,VIIRS,n,2.0NRT,309.77,10.18,D
44.27429,19.88611,330.97,0.4,0.37,2025-06-24,1123,N21,VIIRS,l,2.0NRT,305.79,3.84,D
44.00158,21.65682,336.27,0.38,0.36,2025-06-24,1123,N21,VIIRS,n,2.0NRT,305.45,7.42,D
44.00484,21.65584,351.59,0.38,0.36,2025-06-24,1123,N21,VIIRS,n,2.0NRT,305.7,8.3,D
44.94096,19.68474,340.77,0.51,0.66,2025-06-24,2339,N21,VIIRS,n,2.0NRT,289.64,5.99,N
44.0792,22.10415,300.41,0.38,0.59,2025-06-24,2339,N21,VIIRS,n,2.0NRT,290.18,0.88,N
44.94052,19.68519,343.92,0.51,0.66,2025-06-24,2339,N21,VIIRS,n,2.0NRT,289.53,8.11,N
44.08181,22.10375,301.29,0.35,0.57,2025-06-25,0120,N21,VIIRS,n,2.0NRT,289.84,1,N
44.94077,19.68518,301.69,0.51,0.5,2025-06-25,0120,N21,VIIRS,n,2.0NRT,289.49,0.71,N
43.90808,21.51067,303.33,0.33,0.56,2025-06-25,0120,N21,VIIRS,n,2.0NRT,289.61,0.66,N
43.5451,22.20505,335.89,0.47,0.4,2025-06-25,1104,N21,VIIRS,n,2.0NRT,309.69,7.78,D
45.26555,19.85843,337.39,0.54,0.42,2025-06-25,1104,N21,VIIRS,n,2.0NRT,304.87,2.01,D
43.27847,20.0144,335.12,0.39,0.44,2025-06-25,1104,N21,VIIRS,n,2.0NRT,303.68,2.89,D
43.60509,21.69553,336.19,0.49,0.4,2025-06-25,1104,N21,VIIRS,n,2.0NRT,310.45,4.36,D
43.46717,21.2287,333.8,0.52,0.41,2025-06-25,1104,N21,VIIRS,n,2.0NRT,304.84,3.89,D
43.22727,22.43679,333.29,0.47,0.4,2025-06-25,1104,N21,VIIRS,l,2.0NRT,306.88,5.52,D
43.30779,21.71017,339.93,0.5,0.41,2025-06-25,1104,N21,VIIRS,n,2.0NRT,311.98,4.63,D
43.30658,21.70422,335.86,0.5,0.41,2025-06-25,1104,N21,VIIRS,l,2.0NRT,310.26,4.72,D
43.31142,21.70886,336.92,0.5,0.41,2025-06-25,1104,N21,VIIRS,n,2.0NRT,310.27,3.14,D
43.54865,22.20376,339.95,0.47,0.4,2025-06-25,1104,N21,VIIRS,n,2.0NRT,309.6,7.78,D
43.90755,21.51271,300.69,0.4,0.44,2025-06-26,0102,N21,VIIRS,n,2.0NRT,289.15,0.32,N
44.59715,20.97616,312.42,0.55,0.43,2025-06-26,0102,N21,VIIRS,n,2.0NRT,292.57,2.09,N
44.01837,21.65246,300.87,0.41,0.45,2025-06-26,0102,N21,VIIRS,n,2.0NRT,288.48,0.33,N
44.01441,21.65095,311.11,0.41,0.45,2025-06-26,0102,N21,VIIRS,n,2.0NRT,288.63,1.22,N
43.90735,21.51019,302.51,0.4,0.44,2025-06-26,0102,N21,VIIRS,n,2.0NRT,290.64,0.88,N
44.60091,20.97778,307.06,0.55,0.43,2025-06-26,0102,N21,VIIRS,n,2.0NRT,292.64,1.92,N
42.3835,21.70112,350.44,0.57,0.52,2025-06-26,1045,N21,VIIRS,n,2.0NRT,313.45,12.25,D
43.13488,21.18069,330.47,0.58,0.52,2025-06-26,1045,N21,VIIRS,n,2.0NRT,302.27,6.45,D
43.13343,21.17493,335.39,0.58,0.52,2025-06-26,1045,N21,VIIRS,n,2.0NRT,302.14,6.67,D
43.13447,21.17458,339.61,0.58,0.52,2025-06-26,1045,N21,VIIRS,n,2.0NRT,302.61,14.26,D
45.97858,19.14096,367,0.41,0.61,2025-06-26,1225,N21,VIIRS,h,2.0NRT,300.42,13.98,D
44.02088,21.67594,335.04,0.53,0.67,2025-06-26,1225,N21,VIIRS,n,2.0NRT,301.31,7.58,D
45.98001,19.14346,367,0.41,0.6,2025-06-26,1225,N21,VIIRS,h,2.0NRT,300.87,13.44,D
44.42435,20.31149,303.3,0.39,0.36,2025-06-27,0041,N21,VIIRS,n,2.0NRT,293.19,0.7,N
44.59988,20.9791,328.94,0.4,0.37,2025-06-27,0041,N21,VIIRS,n,2.0NRT,294.84,2.9,N
44.08053,22.1022,307.83,0.42,0.38,2025-06-27,0041,N21,VIIRS,n,2.0NRT,294.36,1.63,N
43.91011,21.50989,306.45,0.41,0.37,2025-06-27,0041,N21,VIIRS,n,2.0NRT,294.01,0.9,N
44.02301,21.6776,304.96,0.41,0.37,2025-06-27,0041,N21,VIIRS,n,2.0NRT,293.05,0.99,N
45.61414,19.73664,307.96,0.38,0.36,2025-06-27,0041,N21,VIIRS,n,2.0NRT,287.58,0.83,N
44.65491,20.62514,332.01,0.46,0.64,2025-06-27,1028,N21,VIIRS,n,2.0NRT,290.75,3.83,D
44.60106,20.97691,340.91,0.45,0.63,2025-06-27,1028,N21,VIIRS,n,2.0NRT,291.95,6.26,D
44.50577,21.09884,339.75,0.58,0.52,2025-06-27,1208,N21,VIIRS,n,2.0NRT,296.38,10.32,D
44.50541,21.09863,340.04,0.58,0.52,2025-06-27,1208,N21,VIIRS,n,2.0NRT,296.42,6.82,D
43.90778,21.51232,301.18,0.4,0.37,2025-06-28,0024,N21,VIIRS,n,2.0NRT,288.37,0.24,N
44.01155,19.88575,299.6,0.45,0.39,2025-06-28,0024,N21,VIIRS,n,2.0NRT,287.83,0.93,N
44.08155,22.10347,305.92,0.4,0.37,2025-06-28,0024,N21,VIIRS,n,2.0NRT,291.4,1.09,N
45.37631,20.7575,345.96,0.51,0.41,2025-06-28,1147,N21,VIIRS,n,2.0NRT,297.67,9.43,D
44.4258,20.31306,302.85,0.45,0.47,2025-06-29,0003,N21,VIIRS,n,2.0NRT,287.64,1.34,N
44.86636,20.08026,337.91,0.47,0.48,2025-06-29,0003,N21,VIIRS,n,2.0NRT,286.97,6.43,N
44.61021,20.96684,305.61,0.42,0.46,2025-06-29,0003,N21,VIIRS,n,2.0NRT,290.01,1.48,N
44.5381,19.19431,313.58,0.52,0.5,2025-06-29,0003,N21,VIIRS,n,2.0NRT,288.52,2.95,N
44.07973,22.10173,300.57,0.56,0.43,2025-06-29,0003,N21,VIIRS,n,2.0NRT,290.04,1.25,N
43.90991,21.5125,299.15,0.39,0.44,2025-06-29,0003,N21,VIIRS,n,2.0NRT,287.35,0.73,N
44.0103,19.88883,296.96,0.47,0.48,2025-06-29,0003,N21,VIIRS,n,2.0NRT,285.84,0.6,N
43.20562,21.57472,320.47,0.38,0.43,2025-06-29,0005,N21,VIIRS,n,2.0NRT,288.66,1.34,N
44.59849,20.97475,318.24,0.59,0.7,2025-06-29,0143,N21,VIIRS,n,2.0NRT,286.01,4.09,N
44.60135,20.97931,315.24,0.59,0.7,2025-06-29,0143,N21,VIIRS,n,2.0NRT,285.42,1.94,N
44.59553,20.97539,296.33,0.59,0.7,2025-06-29,0143,N21,VIIRS,n,2.0NRT,285.44,1.94,N
45.75494,19.82473,299.04,0.48,0.65,2025-06-29,0143,N21,VIIRS,n,2.0NRT,286.35,0.89,N
44.53763,19.19264,300.22,0.49,0.65,2025-06-29,0145,N21,VIIRS,n,2.0NRT,286.37,1.26,N
44.66391,20.93601,335.06,0.39,0.36,2025-06-29,1130,N21,VIIRS,l,2.0NRT,309.42,3.99,D
44.22097,21.26999,335.26,0.39,0.36,2025-06-29,1130,N21,VIIRS,l,2.0NRT,307.67,3.64,D
44.64267,20.95421,331.99,0.39,0.36,2025-06-29,1130,N21,VIIRS,l,2.0NRT,306.74,1.4,D
44.49777,20.7138,332.48,0.39,0.36,2025-06-29,1130,N21,VIIRS,n,2.0NRT,303.92,2.57,D
43.75199,21.54256,336.21,0.39,0.36,2025-06-29,1130,N21,VIIRS,n,2.0NRT,307.63,2.15,D
44.5584,21.58085,333.26,0.39,0.36,2025-06-29,1130,N21,VIIRS,n,2.0NRT,303.93,2.76,D
43.30567,19.90891,296.73,0.4,0.6,2025-06-29,2346,N21,VIIRS,n,2.0NRT,283.52,0.59,N
45.23904,21.12731,304.11,0.36,0.57,2025-06-29,2346,N21,VIIRS,n,2.0NRT,290.74,0.69,N
44.71366,20.87209,312.71,0.37,0.58,2025-06-29,2346,N21,VIIRS,n,2.0NRT,289.32,1.55,N
44.60926,20.96803,306.35,0.36,0.58,2025-06-29,2346,N21,VIIRS,n,2.0NRT,290.84,1.27,N
44.54034,19.19402,300.5,0.45,0.63,2025-06-29,2346,N21,VIIRS,n,2.0NRT,289.56,1.31,N
43.90736,21.51067,298.84,0.34,0.56,2025-06-29,2346,N21,VIIRS,n,2.0NRT,288.21,0.57,N
43.79496,21.3408,303.03,0.34,0.56,2025-06-29,2346,N21,VIIRS,n,2.0NRT,289.01,0.66,N
43.30543,19.90827,297.98,0.4,0.6,2025-06-29,2346,N21,VIIRS,n,2.0NRT,283.5,0.84,N
44.07866,22.10308,302.43,0.42,0.61,2025-06-30,0126,N21,VIIRS,n,2.0NRT,289.95,1.15,N
44.60019,20.97757,343.3,0.36,0.57,2025-06-30,0126,N21,VIIRS,n,2.0NRT,290.26,5.39,N
45.24049,21.12886,305.17,0.35,0.57,2025-06-30,0126,N21,VIIRS,n,2.0NRT,289.77,0.82,N
43.90803,21.50947,299.81,0.4,0.6,2025-06-30,0126,N21,VIIRS,n,2.0NRT,288.34,0.32,N
44.72477,21.57698,347.6,0.42,0.38,2025-06-30,1110,N21,VIIRS,l,2.0NRT,320.34,37.99,D
42.99705,22.02828,336.2,0.43,0.38,2025-06-30,1110,N21,VIIRS,l,2.0NRT,308.73,8.26,D
43.43351,21.74054,332.07,0.44,0.38,2025-06-30,1110,N21,VIIRS,l,2.0NRT,304.28,20.96,D
43.90674,21.36816,340.43,0.44,0.38,2025-06-30,1110,N21,VIIRS,n,2.0NRT,307.98,12.84,D
44.71654,21.59106,367,0.42,0.38,2025-06-30,1110,N21,VIIRS,h,2.0NRT,331.3,254.53,D
44.72087,21.59504,339.69,0.42,0.38,2025-06-30,1110,N21,VIIRS,n,2.0NRT,314.01,25.23,D
44.71992,21.58982,354.87,0.42,0.38,2025-06-30,1110,N21,VIIRS,n,2.0NRT,317.06,25.23,D
44.72425,21.5938,338.17,0.42,0.38,2025-06-30,1110,N21,VIIRS,n,2.0NRT,310.51,25.23,D
44.7233,21.58861,352.66,0.42,0.38,2025-06-30,1110,N21,VIIRS,n,2.0NRT,315.47,25.23,D
44.72139,21.57823,367,0.42,0.38,2025-06-30,1110,N21,VIIRS,l,2.0NRT,325.43,219.25,D
44.72667,21.58737,367,0.42,0.38,2025-06-30,1110,N21,VIIRS,h,2.0NRT,325.24,74.06,D
44.72572,21.58219,348.78,0.42,0.38,2025-06-30,1110,N21,VIIRS,n,2.0NRT,315.14,37.99,D
44.7238,21.57175,353.58,0.43,0.38,2025-06-30,1110,N21,VIIRS,n,2.0NRT,315.83,18.66,D
44.73006,21.58615,346.81,0.42,0.38,2025-06-30,1110,N21,VIIRS,n,2.0NRT,315.25,74.06,D
44.72814,21.57572,343.62,0.42,0.38,2025-06-30,1110,N21,VIIRS,l,2.0NRT,316.26,37.99,D
44.72719,21.57052,350.78,0.43,0.38,2025-06-30,1110,N21,VIIRS,n,2.0NRT,316.44,18.66,D
44.72622,21.56529,343.63,0.43,0.38,2025-06-30,1110,N21,VIIRS,n,2.0NRT,311.56,18.66,D
44.73152,21.5745,352.51,0.42,0.38,2025-06-30,1110,N21,VIIRS,n,2.0NRT,315.91,53.47,D
44.73056,21.56929,344.67,0.43,0.38,2025-06-30,1110,N21,VIIRS,n,2.0NRT,315.8,12.33,D
44.72961,21.56407,343.84,0.43,0.38,2025-06-30,1110,N21,VIIRS,n,2.0NRT,316.98,12.33,D
45.51482,20.23343,334.06,0.45,0.39,2025-06-30,1113,N21,VIIRS,n,2.0NRT,303.51,3.6,D
45.38277,20.68764,335.56,0.44,0.38,2025-06-30,1113,N21,VIIRS,n,2.0NRT,308.12,3.95,D
44.56755,22.56252,300.9,0.53,0.67,2025-06-30,2326,N21,VIIRS,n,2.0NRT,289.61,0.66,N
44.47533,21.131,305.79,0.62,0.71,2025-06-30,2326,N21,VIIRS,n,2.0NRT,288.33,1.08,N
44.47712,21.13289,300.5,0.62,0.71,2025-06-30,2326,N21,VIIRS,n,2.0NRT,288.01,0.79,N
44.56679,22.56166,300.66,0.53,0.67,2025-06-30,2326,N21,VIIRS,n,2.0NRT,289.65,0.67,N
44.00908,19.88915,299.34,0.4,0.44,2025-07-01,0107,N21,VIIRS,n,2.0NRT,287.89,0.91,N
44.08021,22.10236,304.29,0.5,0.49,2025-07-01,0107,N21,VIIRS,n,2.0NRT,290.8,0.97,N
44.0813,22.10352,305.26,0.5,0.49,2025-07-01,0107,N21,VIIRS,n,2.0NRT,290.87,1.67,N
44.11418,20.03973,312.73,0.4,0.44,2025-07-01,0107,N21,VIIRS,n,2.0NRT,289.48,2.22,N
44.11146,20.03278,299.39,0.4,0.44,2025-07-01,0107,N21,VIIRS,n,2.0NRT,288.71,1.15,N
44.42347,20.31541,333.74,0.49,0.49,2025-07-01,1051,N21,VIIRS,n,2.0NRT,303.67,2.81,D
44.91382,20.67136,339.25,0.46,0.47,2025-07-01,1051,N21,VIIRS,n,2.0NRT,298.8,4.16,D
44.22683,21.10537,337.5,0.46,0.47,2025-07-01,1051,N21,VIIRS,n,2.0NRT,301.79,4.43,D
45.4914,20.03649,339.62,0.48,0.48,2025-07-01,1051,N21,VIIRS,n,2.0NRT,307.28,17.76,D
45.49172,20.03353,341.32,0.48,0.48,2025-07-01,1051,N21,VIIRS,n,2.0NRT,309.54,20.08,D
45.01284,21.13438,310.85,0.43,0.38,2025-07-02,0048,N21,VIIRS,n,2.0NRT,285.89,1.25,N
44.59919,20.97392,298.47,0.43,0.38,2025-07-02,0048,N21,VIIRS,n,2.0NRT,288.26,0.67,N
44.59821,20.97918,302,0.43,0.38,2025-07-02,0048,N21,VIIRS,n,2.0NRT,288.59,0.67,N
44.49307,21.04607,295.74,0.43,0.38,2025-07-02,0050,N21,VIIRS,n,2.0NRT,285.33,0.57,N
44.46387,20.21408,298.6,0.41,0.37,2025-07-02,0050,N21,VIIRS,n,2.0NRT,288.25,0.59,N
44.42445,20.31328,307.05,0.41,0.37,2025-07-02,0050,N21,VIIRS,n,2.0NRT,288.14,0.88,N
44.07948,22.10523,308.92,0.47,0.4,2025-07-02,0050,N21,VIIRS,n,2.0NRT,291.69,1.53,N
44.07872,22.10405,301.96,0.47,0.4,2025-07-02,0050,N21,VIIRS,n,2.0NRT,290.87,1.3,N
44.11344,20.03806,313.46,0.41,0.37,2025-07-02,0050,N21,VIIRS,n,2.0NRT,287.94,1.22,N
44.1101,20.03692,306.62,0.41,0.37,2025-07-02,0050,N21,VIIRS,n,2.0NRT,286.85,1.13,N
44.01176,19.89056,303.82,0.41,0.37,2025-07-02,0050,N21,VIIRS,n,2.0NRT,284.78,1.12,N
42.99795,21.63981,326.61,0.47,0.4,2025-07-02,0050,N21,VIIRS,n,2.0NRT,290.24,3.46,N
42.47851,21.66808,297.03,0.48,0.4,2025-07-02,0050,N21,VIIRS,n,2.0NRT,285.84,0.56,N
43.22245,21.65373,355.5,0.39,0.59,2025-07-02,1034,N21,VIIRS,n,2.0NRT,307.99,5.71,D
43.2203,21.65512,353.38,0.39,0.59,2025-07-02,1034,N21,VIIRS,n,2.0NRT,307.42,6.16,D
43.26391,21.70566,335.2,0.38,0.59,2025-07-02,1034,N21,VIIRS,n,2.0NRT,306.97,2.34,D
43.32927,21.40935,345.46,0.39,0.6,2025-07-02,1034,N21,VIIRS,n,2.0NRT,305.67,7.45,D
43.33455,21.40718,367,0.39,0.6,2025-07-02,1034,N21,VIIRS,h,2.0NRT,308.12,12.51,D
44.04515,21.2906,333.14,0.38,0.59,2025-07-02,1034,N21,VIIRS,n,2.0NRT,303.65,1.6,D
44.51105,21.23251,331.69,0.37,0.58,2025-07-02,1034,N21,VIIRS,n,2.0NRT,302.49,1.57,D
45.04214,20.43345,350.24,0.39,0.59,2025-07-02,1034,N21,VIIRS,n,2.0NRT,306.71,6.54,D
45.23379,19.6957,334.67,0.41,0.61,2025-07-02,1034,N21,VIIRS,n,2.0NRT,304.38,3.13,D
45.81568,20.42068,367,0.37,0.58,2025-07-02,1034,N21,VIIRS,h,2.0NRT,307.41,7.54,D
45.54741,19.64856,339.87,0.6,0.53,2025-07-02,1214,N21,VIIRS,n,2.0NRT,305.22,12.29,D
43.33525,21.40874,367,0.35,0.57,2025-07-02,1214,N21,VIIRS,h,2.0NRT,309.95,7.26,D
43.33503,21.40439,367,0.35,0.57,2025-07-02,1214,N21,VIIRS,h,2.0NRT,308.47,12.32,D
43.34044,21.40755,336.93,0.35,0.57,2025-07-02,1214,N21,VIIRS,n,2.0NRT,303.01,7.26,D
43.3357,21.40689,367,0.35,0.57,2025-07-02,1214,N21,VIIRS,h,2.0NRT,312.07,10.03,D
43.3355,21.40257,333.64,0.35,0.57,2025-07-02,1214,N21,VIIRS,n,2.0NRT,305.05,10.03,D
43.64756,20.79121,338.46,0.33,0.55,2025-07-02,1214,N21,VIIRS,n,2.0NRT,305.84,2.44,D
43.60631,19.49839,334.05,0.56,0.52,2025-07-02,1214,N21,VIIRS,n,2.0NRT,308.07,3.91,D
43.79483,21.91018,345.17,0.38,0.58,2025-07-02,1214,N21,VIIRS,n,2.0NRT,303.49,3.89,D
43.85461,21.35417,336.39,0.35,0.57,2025-07-02,1214,N21,VIIRS,n,2.0NRT,308.72,1.66,D
44.05344,21.22017,335.15,0.35,0.57,2025-07-02,1214,N21,VIIRS,n,2.0NRT,304.17,3.68,D
44.50766,21.23233,354.17,0.35,0.57,2025-07-02,1214,N21,VIIRS,n,2.0NRT,305.18,6.39,D
45.09393,21.04142,355.33,0.35,0.57,2025-07-02,1214,N21,VIIRS,n,2.0NRT,308.72,4.54,D
45.09092,20.97945,335.28,0.35,0.56,2025-07-02,1214,N21,VIIRS,n,2.0NRT,309.81,2.1,D
45.10608,19.69797,313.92,0.42,0.37,2025-07-03,0030,N21,VIIRS,n,2.0NRT,290.34,1.67,N
45.02234,21.20685,306.16,0.39,0.36,2025-07-03,0030,N21,VIIRS,n,2.0NRT,286.4,0.56,N
44.59829,20.97853,330.15,0.39,0.36,2025-07-03,0030,N21,VIIRS,n,2.0NRT,290.51,2.94,N
44.42279,20.31335,309.64,0.4,0.37,2025-07-03,0030,N21,VIIRS,n,2.0NRT,290.81,1.03,N
44.08041,22.10272,311.3,0.38,0.36,2025-07-03,0030,N21,VIIRS,n,2.0NRT,291.46,1.35,N
43.90821,21.50964,302.36,0.39,0.36,2025-07-03,0030,N21,VIIRS,n,2.0NRT,290.72,0.69,N
44.01092,19.88741,305.3,0.4,0.37,2025-07-03,0030,N21,VIIRS,n,2.0NRT,287.39,1.03,N
43.85398,20.50593,333.96,0.39,0.36,2025-07-03,0030,N21,VIIRS,n,2.0NRT,287.56,4.59,N
43.1172,21.01806,297.76,0.39,0.36,2025-07-03,0030,N21,VIIRS,n,2.0NRT,286.25,0.62,N
43.1165,21.02272,305.58,0.39,0.36,2025-07-03,0030,N21,VIIRS,n,2.0NRT,285.99,0.62,N
43.11323,21.02183,335.69,0.39,0.36,2025-07-03,0030,N21,VIIRS,n,2.0NRT,290.12,2.16,N
43.11392,21.01719,310.5,0.39,0.36,2025-07-03,0030,N21,VIIRS,n,2.0NRT,287.02,2.16,N
43.10996,21.02095,296.99,0.39,0.36,2025-07-03,0030,N21,VIIRS,n,2.0NRT,285.8,2.16,N
42.47759,21.66514,305.63,0.38,0.36,2025-07-03,0030,N21,VIIRS,n,2.0NRT,286.45,0.96,N
42.47828,21.66154,336.02,0.68,0.74,2025-07-03,1013,N21,VIIRS,n,2.0NRT,301.88,5.65,D
42.47545,21.66442,330.12,0.68,0.74,2025-07-03,1013,N21,VIIRS,n,2.0NRT,301.93,9.9,D
43.11412,21.02323,352.47,0.7,0.75,2025-07-03,1013,N21,VIIRS,n,2.0NRT,303.11,14.6,D
44.27456,19.68845,330.67,0.73,0.76,2025-07-03,1013,N21,VIIRS,n,2.0NRT,302.99,4.31,D
43.3919,21.80759,347.18,0.42,0.46,2025-07-03,1153,N21,VIIRS,n,2.0NRT,314.82,7.06,D
43.0491,22.63696,341.4,0.46,0.47,2025-07-03,1153,N21,VIIRS,n,2.0NRT,305.44,8.58,D
43.10892,21.02558,333.98,0.39,0.44,2025-07-03,1153,N21,VIIRS,l,2.0NRT,307.48,2,D
43.1129,21.0248,355.99,0.39,0.44,2025-07-03,1153,N21,VIIRS,n,2.0NRT,315.26,24.5,D
43.1124,21.0196,337.41,0.39,0.44,2025-07-03,1153,N21,VIIRS,l,2.0NRT,310.38,8.84,D
43.11188,21.01421,341.17,0.39,0.44,2025-07-03,1153,N21,VIIRS,n,2.0NRT,308.09,8.84,D
43.11419,21.02163,338.91,0.39,0.44,2025-07-03,1153,N21,VIIRS,n,2.0NRT,306.33,7.15,D
43.11371,21.01639,350.82,0.39,0.44,2025-07-03,1153,N21,VIIRS,n,2.0NRT,310.51,7.15,D
43.12399,19.8566,336.82,0.52,0.41,2025-07-03,1153,N21,VIIRS,n,2.0NRT,310.57,3.11,D
42.47641,21.66325,345.52,0.41,0.45,2025-07-03,1153,N21,VIIRS,n,2.0NRT,309.02,5.36,D
44.03432,22.44055,342.59,0.46,0.47,2025-07-03,1153,N21,VIIRS,n,2.0NRT,310.37,5.13,D
43.39607,21.80693,342.22,0.42,0.46,2025-07-03,1153,N21,VIIRS,l,2.0NRT,315.08,7.06,D
44.73558,21.56546,354.67,0.43,0.46,2025-07-03,1155,N21,VIIRS,n,2.0NRT,320.31,24.5,D
45.50886,19.49822,302.95,0.43,0.46,2025-07-04,0009,N21,VIIRS,n,2.0NRT,288.43,0.54,N
45.50938,19.49973,301.27,0.43,0.46,2025-07-04,0009,N21,VIIRS,n,2.0NRT,288.32,0.53,N
44.95333,19.98579,346.54,0.4,0.44,2025-07-04,0009,N21,VIIRS,n,2.0NRT,290.38,9.74,N
44.95287,19.99086,299.57,0.4,0.44,2025-07-04,0009,N21,VIIRS,n,2.0NRT,287.55,9.74,N
44.94927,19.98505,337.82,0.4,0.44,2025-07-04,0009,N21,VIIRS,n,2.0NRT,294.58,9.74,N
44.94881,19.99012,327.52,0.4,0.44,2025-07-04,0009,N21,VIIRS,n,2.0NRT,289.59,9.74,N
44.94836,19.99519,311.52,0.4,0.44,2025-07-04,0009,N21,VIIRS,n,2.0NRT,286.85,0.85,N
44.94521,19.98432,324.31,0.4,0.44,2025-07-04,0009,N21,VIIRS,n,2.0NRT,290.21,15.11,N
44.94476,19.98938,350.63,0.4,0.44,2025-07-04,0009,N21,VIIRS,n,2.0NRT,300.06,15.11,N
44.9443,19.99445,298.42,0.4,0.44,2025-07-04,0009,N21,VIIRS,n,2.0NRT,286.81,2.44,N
44.83478,20.66117,303.67,0.56,0.43,2025-07-04,0009,N21,VIIRS,n,2.0NRT,293.06,1.45,N
44.42309,20.31557,303.57,0.57,0.43,2025-07-04,0011,N21,VIIRS,n,2.0NRT,290.65,1.07,N
44.21299,22.00122,301.92,0.49,0.4,2025-07-04,0011,N21,VIIRS,n,2.0NRT,289.63,1.01,N
44.07872,22.10373,305.06,0.48,0.4,2025-07-04,0011,N21,VIIRS,n,2.0NRT,293.06,1.54,N
44.01036,19.88707,305.43,0.4,0.44,2025-07-04,0011,N21,VIIRS,n,2.0NRT,287.71,1.05,N
43.11883,21.01633,328.5,0.52,0.41,2025-07-04,0011,N21,VIIRS,n,2.0NRT,289.48,5.48,N
43.11563,21.01007,343.17,0.52,0.41,2025-07-04,0011,N21,VIIRS,n,2.0NRT,291.69,5.48,N
43.11502,21.01592,328.82,0.52,0.41,2025-07-04,0011,N21,VIIRS,n,2.0NRT,290.52,5.48,N
43.11624,21.00425,303.81,0.52,0.41,2025-07-04,0011,N21,VIIRS,n,2.0NRT,285.67,2.74,N
43.11439,21.02189,319.12,0.52,0.41,2025-07-04,0011,N21,VIIRS,n,2.0NRT,290.6,3.06,N
43.11242,21.00399,299.71,0.52,0.41,2025-07-04,0011,N21,VIIRS,n,2.0NRT,286.52,0.93,N
43.1062,21.02647,311.46,0.52,0.41,2025-07-04,0011,N21,VIIRS,n,2.0NRT,288.65,3.36,N
43.11275,21.00372,300.44,0.52,0.41,2025-07-04,0011,N21,VIIRS,n,2.0NRT,286.51,1.2,N
43.10645,21.0262,312.52,0.52,0.41,2025-07-04,0011,N21,VIIRS,n,2.0NRT,288.84,2.3,N
42.47337,21.65421,306.78,0.48,0.4,2025-07-04,0011,N21,VIIRS,n,2.0NRT,290.15,1.27,N
45.51173,19.4991,301.5,0.56,0.69,2025-07-04,0152,N21,VIIRS,n,2.0NRT,286.37,1.05,N
45.51221,19.50203,298.73,0.56,0.69,2025-07-04,0152,N21,VIIRS,n,2.0NRT,286.39,0.68,N
44.94346,19.98696,311.07,0.61,0.71,2025-07-04,0152,N21,VIIRS,n,2.0NRT,285.88,2.39,N
44.42311,20.30704,299.34,0.66,0.73,2025-07-04,0152,N21,VIIRS,n,2.0NRT,287.73,1.35,N
43.11869,21.00957,300.02,0.79,0.78,2025-07-04,0152,N21,VIIRS,n,2.0NRT,287.89,1.93,N
43.11489,21.02019,306.31,0.79,0.78,2025-07-04,0152,N21,VIIRS,n,2.0NRT,288.18,2.98,N
43.11809,21.01772,302.65,0.79,0.78,2025-07-04,0152,N21,VIIRS,n,2.0NRT,288.17,2.1,N
43.1134,21.00839,300.11,0.79,0.78,2025-07-04,0152,N21,VIIRS,n,2.0NRT,286.99,2.1,N
43.10898,21.02096,300.85,0.79,0.78,2025-07-04,0152,N21,VIIRS,n,2.0NRT,288.5,2.1,N
42.47245,21.65209,344.47,0.41,0.37,2025-07-04,1136,N21,VIIRS,n,2.0NRT,311.8,4.19,D
42.74728,21.43101,342.75,0.41,0.37,2025-07-04,1136,N21,VIIRS,n,2.0NRT,311.26,4,D
43.10707,21.02768,339.79,0.4,0.37,2025-07-04,1136,N21,VIIRS,l,2.0NRT,313,6.59,D
43.11372,21.02592,338.48,0.4,0.37,2025-07-04,1136,N21,VIIRS,n,2.0NRT,306.6,5.16,D
43.11705,21.02504,334.52,0.4,0.37,2025-07-04,1136,N21,VIIRS,l,2.0NRT,307.76,5.16,D
43.11972,21.01936,332.23,0.4,0.37,2025-07-04,1136,N21,VIIRS,l,2.0NRT,305.94,4.1,D
43.11905,21.01438,338.92,0.4,0.37,2025-07-04,1136,N21,VIIRS,n,2.0NRT,306.41,8.58,D
43.11835,21.00936,348.43,0.4,0.37,2025-07-04,1136,N21,VIIRS,n,2.0NRT,314.05,8.58,D
43.11766,21.00431,345.04,0.4,0.37,2025-07-04,1136,N21,VIIRS,n,2.0NRT,316.14,21.03,D
43.95106,20.36314,338.26,0.39,0.37,2025-07-04,1136,N21,VIIRS,n,2.0NRT,311.29,3.92,D
43.95437,20.36224,344.44,0.39,0.37,2025-07-04,1136,N21,VIIRS,n,2.0NRT,310.35,4.84,D
44.21204,22.00338,339.7,0.43,0.38,2025-07-04,1136,N21,VIIRS,n,2.0NRT,306.82,9.26,D
44.12984,21.35797,337.76,0.41,0.37,2025-07-04,1136,N21,VIIRS,l,2.0NRT,312.71,3.07,D
44.46228,21.14037,338.31,0.41,0.37,2025-07-04,1136,N21,VIIRS,l,2.0NRT,313.23,9.48,D
44.93908,19.70642,348.6,0.39,0.36,2025-07-04,1136,N21,VIIRS,n,2.0NRT,313.39,18.38,D
44.93839,19.70153,343.32,0.39,0.36,2025-07-04,1136,N21,VIIRS,n,2.0NRT,312.29,18.38,D
44.94307,19.71039,367,0.39,0.36,2025-07-04,1136,N21,VIIRS,h,2.0NRT,335.04,140.44,D
44.94238,19.70549,352.76,0.39,0.36,2025-07-04,1136,N21,VIIRS,n,2.0NRT,319.97,18.38,D
44.94168,19.7006,354.33,0.39,0.36,2025-07-04,1136,N21,VIIRS,n,2.0NRT,320.66,18.38,D
44.94636,19.70946,342.6,0.39,0.36,2025-07-04,1136,N21,VIIRS,n,2.0NRT,316.1,38.37,D
44.94428,19.69477,338.91,0.39,0.36,2025-07-04,1136,N21,VIIRS,l,2.0NRT,312.98,4.93,D
46.07338,20.24559,313.08,0.34,0.56,2025-07-04,2352,N21,VIIRS,n,2.0NRT,287.51,1.1,N
45.78991,20.20516,305.54,0.34,0.56,2025-07-04,2352,N21,VIIRS,n,2.0NRT,286.79,0.67,N
45.78476,20.20466,302.27,0.34,0.56,2025-07-04,2352,N21,VIIRS,n,2.0NRT,287.25,0.67,N
45.02046,20.30775,307.93,0.33,0.55,2025-07-04,2352,N21,VIIRS,n,2.0NRT,286.96,1.46,N
44.88409,19.95487,317.96,0.34,0.56,2025-07-04,2352,N21,VIIRS,n,2.0NRT,284.01,2.34,N
44.0782,22.10243,307.43,0.52,0.5,2025-07-04,2352,N21,VIIRS,n,2.0NRT,294.42,1.85,N
43.11966,21.00758,316.01,0.58,0.52,2025-07-04,2352,N21,VIIRS,n,2.0NRT,289.5,4.57,N
43.11519,21.00178,324.25,0.58,0.52,2025-07-04,2352,N21,VIIRS,n,2.0NRT,288.14,5.83,N
43.11356,21.02671,299.3,0.58,0.52,2025-07-04,2352,N21,VIIRS,n,2.0NRT,288.96,1.72,N
42.46948,21.64413,305.8,0.53,0.5,2025-07-04,2352,N21,VIIRS,n,2.0NRT,291.66,1.54,N
42.47062,21.64383,305.7,0.53,0.5,2025-07-04,2352,N21,VIIRS,n,2.0NRT,290.81,2.01,N
46.07283,20.24631,317.03,0.35,0.57,2025-07-05,0132,N21,VIIRS,n,2.0NRT,284.9,1.49,N
43.11926,21.00631,303.54,0.47,0.64,2025-07-05,0132,N21,VIIRS,n,2.0NRT,286.8,0.89,N
43.11465,21.00039,299.46,0.47,0.64,2025-07-05,0132,N21,VIIRS,n,2.0NRT,284.26,0.89,N
42.46761,21.64216,300.21,0.53,0.67,2025-07-05,0134,N21,VIIRS,n,2.0NRT,288.29,1.74,N
42.46622,21.64334,300.98,0.53,0.67,2025-07-05,0134,N21,VIIRS,n,2.0NRT,287.65,1.11,N
43.51636,21.37235,345.7,0.41,0.37,2025-07-05,1117,N21,VIIRS,n,2.0NRT,308.13,12.9,D
43.87097,20.44533,338.18,0.42,0.38,2025-07-05,1117,N21,VIIRS,n,2.0NRT,306.47,4.93,D
44.09156,21.24633,339.94,0.4,0.37,2025-07-05,1119,N21,VIIRS,n,2.0NRT,301.82,5.26,D
44.42441,20.3119,331.03,0.42,0.38,2025-07-05,1119,N21,VIIRS,l,2.0NRT,304.84,1.47,D
45.02442,21.13694,300.26,0.51,0.49,2025-07-06,0113,N21,VIIRS,n,2.0NRT,287.67,0.82,N
45.02015,21.13476,301.89,0.51,0.49,2025-07-06,0113,N21,VIIRS,n,2.0NRT,287.22,0.82,N
44.88674,19.95683,305.42,0.45,0.47,2025-07-06,0113,N21,VIIRS,n,2.0NRT,288.62,1,N
44.42334,20.31218,304.38,0.48,0.48,2025-07-06,0113,N21,VIIRS,n,2.0NRT,291.02,1.28,N
42.4617,21.64286,338.49,0.4,0.44,2025-07-06,1058,N21,VIIRS,n,2.0NRT,304.9,6.96,D
42.46068,21.63824,345.03,0.4,0.44,2025-07-06,1058,N21,VIIRS,n,2.0NRT,304.32,6.96,D
42.46461,21.63666,347.16,0.4,0.44,2025-07-06,1058,N21,VIIRS,n,2.0NRT,307.73,6.96,D
43.11263,21.02677,348.27,0.42,0.45,2025-07-06,1058,N21,VIIRS,n,2.0NRT,303.98,6.45,D
43.12288,19.86029,331.94,0.47,0.48,2025-07-06,1058,N21,VIIRS,n,2.0NRT,300.16,6.41,D
44.13588,22.06639,331.96,0.54,0.42,2025-07-06,1058,N21,VIIRS,l,2.0NRT,302.83,8.52,D
44.5517,21.03549,340.07,0.39,0.44,2025-07-06,1058,N21,VIIRS,n,2.0NRT,307.88,4.63,D
44.55555,21.03385,341.36,0.39,0.44,2025-07-06,1058,N21,VIIRS,n,2.0NRT,306.97,4.63,D
44.55452,21.02919,353.84,0.39,0.44,2025-07-06,1058,N21,VIIRS,n,2.0NRT,314.46,20.1,D
44.55349,21.02453,340.14,0.39,0.44,2025-07-06,1058,N21,VIIRS,n,2.0NRT,307.75,20.1,D
44.42441,20.31585,331.62,0.42,0.45,2025-07-06,1058,N21,VIIRS,l,2.0NRT,306.4,2.35,D
44.59841,20.97983,335.44,0.39,0.44,2025-07-06,1058,N21,VIIRS,l,2.0NRT,310.36,5.68,D
44.75783,21.27344,340.84,0.56,0.43,2025-07-06,1058,N21,VIIRS,n,2.0NRT,310.64,6.59,D
44.68702,20.6924,331.09,0.4,0.44,2025-07-06,1058,N21,VIIRS,l,2.0NRT,305.76,2.31,D
44.91141,20.17508,341.63,0.41,0.45,2025-07-06,1058,N21,VIIRS,n,2.0NRT,307.33,25.08,D
44.88588,20.48035,341.44,0.68,0.74,2025-07-06,1240,N21,VIIRS,n,2.0NRT,298.68,8.79,D
44.90606,20.19196,367,0.66,0.73,2025-07-06,1240,N21,VIIRS,h,2.0NRT,300.96,27.07,D
44.88703,20.48122,343.78,0.68,0.74,2025-07-06,1240,N21,VIIRS,n,2.0NRT,298.85,11.08,D
44.90858,20.19244,367,0.66,0.73,2025-07-06,1240,N21,VIIRS,h,2.0NRT,300.58,16.04,D
44.90861,20.18409,337.03,0.66,0.73,2025-07-06,1240,N21,VIIRS,n,2.0NRT,300.01,16.04,D
44.74539,20.73541,308.1,0.47,0.4,2025-07-07,0056,N21,VIIRS,n,2.0NRT,290.65,0.8,N
44.88666,19.95642,303.68,0.44,0.38,2025-07-07,0056,N21,VIIRS,n,2.0NRT,292.63,1.52,N
44.6005,20.97814,317.36,0.48,0.4,2025-07-07,0056,N21,VIIRS,n,2.0NRT,292.68,2.67,N
44.14635,22.07205,321.41,0.54,0.42,2025-07-07,0056,N21,VIIRS,n,2.0NRT,291.33,3.23,N
44.42496,20.31337,304.7,0.46,0.39,2025-07-07,0056,N21,VIIRS,n,2.0NRT,292.2,0.89,N
44.01115,19.88695,304.63,0.45,0.39,2025-07-07,0056,N21,VIIRS,n,2.0NRT,289.17,1.12,N
43.1194,21.00056,300.9,0.51,0.41,2025-07-07,0056,N21,VIIRS,n,2.0NRT,289.91,1.14,N
43.03859,20.42098,309.02,0.49,0.4,2025-07-07,0056,N21,VIIRS,n,2.0NRT,289.88,1.9,N
43.03502,20.41959,315.03,0.49,0.4,2025-07-07,0056,N21,VIIRS,n,2.0NRT,288.71,1.9,N
43.03387,20.4253,312.91,0.49,0.4,2025-07-07,0056,N21,VIIRS,n,2.0NRT,290.48,3.77,N
42.46002,21.63469,304.31,0.56,0.43,2025-07-07,0056,N21,VIIRS,n,2.0NRT,290.88,0.94,N
43.1011,21.65211,351.13,0.33,0.55,2025-07-07,1041,N21,VIIRS,n,2.0NRT,309.22,9.12,D
43.10012,21.64837,340.15,0.33,0.55,2025-07-07,1041,N21,VIIRS,n,2.0NRT,306.25,9.12,D
43.10593,21.64999,367,0.33,0.55,2025-07-07,1041,N21,VIIRS,h,2.0NRT,313.26,9.12,D
43.10496,21.64629,367,0.33,0.55,2025-07-07,1041,N21,VIIRS,h,2.0NRT,309.56,9.12,D
43.11176,21.65164,367,0.33,0.55,2025-07-07,1041,N21,VIIRS,h,2.0NRT,316.11,68.46,D
43.10985,21.64441,354.81,0.33,0.55,2025-07-07,1041,N21,VIIRS,n,2.0NRT,317.05,85.34,D
43.11668,21.64984,367,0.33,0.55,2025-07-07,1041,N21,VIIRS,h,2.0NRT,302.65,68.46,D
43.11476,21.64259,344.72,0.33,0.55,2025-07-07,1041,N21,VIIRS,n,2.0NRT,305.59,85.34,D
43.11574,21.64627,367,0.33,0.55,2025-07-07,1041,N21,VIIRS,l,2.0NRT,337.21,85.34,D
43.10597,21.64915,367,0.33,0.55,2025-07-07,1041,N21,VIIRS,h,2.0NRT,314.44,30.17,D
43.10497,21.64545,367,0.33,0.55,2025-07-07,1041,N21,VIIRS,h,2.0NRT,309.06,30.17,D
43.10695,21.65277,332.1,0.33,0.55,2025-07-07,1041,N21,VIIRS,n,2.0NRT,306.2,37.46,D
43.11183,21.65083,367,0.33,0.55,2025-07-07,1041,N21,VIIRS,h,2.0NRT,319.86,37.46,D
43.11087,21.64728,341.44,0.33,0.55,2025-07-07,1041,N21,VIIRS,n,2.0NRT,312.98,30.17,D
43.10987,21.64357,349.06,0.33,0.55,2025-07-07,1041,N21,VIIRS,n,2.0NRT,313.3,30.17,D
43.11675,21.64905,367,0.33,0.55,2025-07-07,1041,N21,VIIRS,h,2.0NRT,304.03,90.09,D
43.11479,21.64178,350.55,0.33,0.55,2025-07-07,1041,N21,VIIRS,n,2.0NRT,303.55,76.27,D
43.11578,21.64547,367,0.33,0.55,2025-07-07,1041,N21,VIIRS,l,2.0NRT,332.35,76.27,D
43.17125,21.30786,346.52,0.34,0.56,2025-07-07,1041,N21,VIIRS,n,2.0NRT,309.19,5.64,D
43.12881,21.09073,350.84,0.35,0.57,2025-07-07,1041,N21,VIIRS,n,2.0NRT,307.3,7.85,D
43.17358,21.23534,349.23,0.34,0.56,2025-07-07,1041,N21,VIIRS,n,2.0NRT,307.67,31.09,D
43.17248,21.23125,348.82,0.34,0.56,2025-07-07,1041,N21,VIIRS,n,2.0NRT,315.1,60.03,D
43.1786,21.23353,367,0.34,0.56,2025-07-07,1041,N21,VIIRS,h,2.0NRT,311.18,31.09,D
43.17754,21.22959,341.41,0.34,0.56,2025-07-07,1041,N21,VIIRS,n,2.0NRT,311.11,60.03,D
43.17641,21.22545,348.09,0.34,0.56,2025-07-07,1041,N21,VIIRS,n,2.0NRT,306.55,60.03,D
43.51019,21.29764,367,0.33,0.55,2025-07-07,1041,N21,VIIRS,h,2.0NRT,312.21,8.49,D
43.56352,21.37501,367,0.33,0.55,2025-07-07,1041,N21,VIIRS,h,2.0NRT,309.99,7.34,D
43.60455,21.26488,367,0.33,0.55,2025-07-07,1041,N21,VIIRS,h,2.0NRT,308.99,8.16,D
43.60352,21.26105,341.63,0.33,0.55,2025-07-07,1041,N21,VIIRS,n,2.0NRT,307.78,5.91,D
43.75021,20.44567,335.6,0.36,0.57,2025-07-07,1041,N21,VIIRS,n,2.0NRT,303.11,4.08,D
43.75523,20.4434,367,0.36,0.57,2025-07-07,1041,N21,VIIRS,h,2.0NRT,306.22,9.08,D
43.76442,20.35397,347.78,0.36,0.57,2025-07-07,1041,N21,VIIRS,n,2.0NRT,303.53,7.83,D
43.75433,19.83113,332.19,0.38,0.59,2025-07-07,1041,N21,VIIRS,n,2.0NRT,278.56,7.07,D
43.75933,19.82825,338.31,0.38,0.59,2025-07-07,1041,N21,VIIRS,n,2.0NRT,281.1,7.07,D
44.05107,20.33375,338.38,0.35,0.57,2025-07-07,1041,N21,VIIRS,n,2.0NRT,302.75,5.33,D
44.22971,20.90478,353.66,0.33,0.55,2025-07-07,1041,N21,VIIRS,n,2.0NRT,309.44,6.61,D
44.41639,20.87139,351.01,0.33,0.55,2025-07-07,1041,N21,VIIRS,n,2.0NRT,308.6,4.48,D
44.4907,20.64444,340.28,0.33,0.55,2025-07-07,1041,N21,VIIRS,n,2.0NRT,309.61,3.36,D
44.75756,20.9248,336.13,0.63,0.54,2025-07-07,1041,N21,VIIRS,n,2.0NRT,309.41,4.8,D
44.74614,19.42129,350.35,0.37,0.58,2025-07-07,1041,N21,VIIRS,n,2.0NRT,306.46,19.4,D
44.74489,19.41691,353.02,0.37,0.58,2025-07-07,1041,N21,VIIRS,n,2.0NRT,314.32,16.08,D
44.74365,19.41252,332.01,0.37,0.58,2025-07-07,1041,N21,VIIRS,n,2.0NRT,306.12,16.08,D
44.7499,19.41417,367,0.37,0.58,2025-07-07,1041,N21,VIIRS,h,2.0NRT,305.01,6.23,D
44.90669,19.66496,339.6,0.36,0.57,2025-07-07,1041,N21,VIIRS,n,2.0NRT,302.93,8.58,D
44.9055,19.66072,330.7,0.36,0.57,2025-07-07,1041,N21,VIIRS,n,2.0NRT,300.42,5.76,D
42.45674,21.63322,335.81,0.43,0.62,2025-07-07,1219,N21,VIIRS,n,2.0NRT,302.41,4.81,D
42.46243,21.63286,367,0.43,0.62,2025-07-07,1219,N21,VIIRS,h,2.0NRT,296.37,9.4,D
43.08702,21.65898,346.47,0.44,0.62,2025-07-07,1219,N21,VIIRS,n,2.0NRT,303.06,7.48,D
43.03632,20.42118,341.05,0.38,0.58,2025-07-07,1219,N21,VIIRS,n,2.0NRT,300.34,4.36,D
43.09806,21.64682,332.77,0.44,0.62,2025-07-07,1219,N21,VIIRS,n,2.0NRT,301.81,8.14,D
43.10418,21.6574,330.75,0.44,0.62,2025-07-07,1219,N21,VIIRS,n,2.0NRT,285.66,6.42,D
43.10397,21.65168,353.55,0.44,0.62,2025-07-07,1219,N21,VIIRS,n,2.0NRT,304.35,6.42,D
43.09175,21.3291,339.02,0.42,0.61,2025-07-07,1219,N21,VIIRS,n,2.0NRT,305.7,4.67,D
43.11011,21.66266,351.71,0.44,0.62,2025-07-07,1219,N21,VIIRS,n,2.0NRT,287.6,16.52,D
43.1099,21.65682,335.12,0.44,0.62,2025-07-07,1219,N21,VIIRS,n,2.0NRT,293.81,6.42,D
43.10946,21.64508,332.03,0.44,0.62,2025-07-07,1219,N21,VIIRS,n,2.0NRT,296.33,6.81,D
43.10926,21.63965,336.96,0.44,0.62,2025-07-07,1219,N21,VIIRS,n,2.0NRT,285.49,6.81,D
43.11604,21.66761,350.23,0.44,0.62,2025-07-07,1219,N21,VIIRS,n,2.0NRT,290.09,25.89,D
43.11581,21.6617,352.33,0.44,0.62,2025-07-07,1219,N21,VIIRS,n,2.0NRT,309.13,25.89,D
43.10575,21.65781,336.33,0.44,0.62,2025-07-07,1219,N21,VIIRS,n,2.0NRT,285.36,40.12,D
43.10557,21.65201,345.11,0.44,0.62,2025-07-07,1219,N21,VIIRS,n,2.0NRT,299.54,15.27,D
43.10522,21.64084,334.95,0.44,0.62,2025-07-07,1219,N21,VIIRS,n,2.0NRT,295.03,5.11,D
43.11183,21.66894,367,0.44,0.62,2025-07-07,1219,N21,VIIRS,h,2.0NRT,292.74,48.24,D
43.11147,21.65714,338.25,0.44,0.62,2025-07-07,1219,N21,VIIRS,n,2.0NRT,295.67,40.12,D
43.11736,21.66187,351.86,0.44,0.62,2025-07-07,1219,N21,VIIRS,n,2.0NRT,296.06,7.51,D
43.11699,21.005,332.7,0.41,0.6,2025-07-07,1219,N21,VIIRS,n,2.0NRT,301.8,4.07,D
43.12594,21.09356,367,0.41,0.61,2025-07-07,1219,N21,VIIRS,h,2.0NRT,309.64,16.18,D
43.12574,21.08848,352.88,0.41,0.61,2025-07-07,1219,N21,VIIRS,n,2.0NRT,304.14,16.18,D
43.13147,21.09227,352.56,0.41,0.61,2025-07-07,1219,N21,VIIRS,n,2.0NRT,308.75,6.35,D
43.13128,21.08712,331,0.41,0.61,2025-07-07,1219,N21,VIIRS,n,2.0NRT,303.11,6.35,D
43.18103,21.67713,352.22,0.44,0.62,2025-07-07,1219,N21,VIIRS,n,2.0NRT,307.81,7.64,D
43.18699,21.68307,367,0.44,0.62,2025-07-07,1219,N21,VIIRS,h,2.0NRT,310.46,21.86,D
43.18678,21.67715,367,0.44,0.62,2025-07-07,1219,N21,VIIRS,h,2.0NRT,308.17,21.86,D
43.17044,21.23197,338.39,0.42,0.61,2025-07-07,1219,N21,VIIRS,n,2.0NRT,309.27,6.81,D
43.17581,21.22563,367,0.42,0.61,2025-07-07,1219,N21,VIIRS,h,2.0NRT,310.33,19.85,D
43.17622,21.2359,339.96,0.42,0.61,2025-07-07,1219,N21,VIIRS,n,2.0NRT,306.87,6.81,D
43.17601,21.23071,344.39,0.42,0.61,2025-07-07,1219,N21,VIIRS,n,2.0NRT,310.81,6.81,D
43.182,21.23993,367,0.42,0.61,2025-07-07,1219,N21,VIIRS,h,2.0NRT,320.88,63.68,D
43.18159,21.22949,367,0.42,0.61,2025-07-07,1219,N21,VIIRS,h,2.0NRT,312.55,36.59,D
43.18718,21.22867,367,0.42,0.61,2025-07-07,1219,N21,VIIRS,h,2.0NRT,310.99,36.59,D
43.1876,21.23924,353.95,0.42,0.61,2025-07-07,1219,N21,VIIRS,n,2.0NRT,311.25,63.68,D
43.18739,21.23389,347.21,0.42,0.61,2025-07-07,1219,N21,VIIRS,n,2.0NRT,306.23,36.59,D
43.193,21.23352,336.54,0.42,0.61,2025-07-07,1219,N21,VIIRS,n,2.0NRT,303.73,5.11,D
43.19278,21.22817,339.86,0.42,0.61,2025-07-07,1219,N21,VIIRS,n,2.0NRT,305.07,5.11,D
43.25473,21.43978,367,0.43,0.62,2025-07-07,1219,N21,VIIRS,h,2.0NRT,313.93,58.95,D
43.26867,21.35413,367,0.42,0.61,2025-07-07,1219,N21,VIIRS,h,2.0NRT,308.24,12.43,D
43.26847,21.34879,354.62,0.42,0.61,2025-07-07,1219,N21,VIIRS,n,2.0NRT,306.87,18.13,D
43.27432,21.35381,346.24,0.42,0.61,2025-07-07,1219,N21,VIIRS,n,2.0NRT,307.3,12.43,D
43.31321,21.97836,334.42,0.46,0.63,2025-07-07,1219,N21,VIIRS,n,2.0NRT,304.06,3.52,D
43.30651,21.3078,338.59,0.42,0.61,2025-07-07,1219,N21,VIIRS,n,2.0NRT,305.4,4.21,D
43.31233,21.31233,367,0.42,0.61,2025-07-07,1219,N21,VIIRS,h,2.0NRT,306.56,25.07,D
43.31212,21.30686,345.27,0.42,0.61,2025-07-07,1219,N21,VIIRS,n,2.0NRT,310.05,25.07,D
43.30991,21.30957,367,0.42,0.61,2025-07-07,1219,N21,VIIRS,h,2.0NRT,314.3,51.06,D
43.30974,21.30425,332.27,0.42,0.61,2025-07-07,1219,N21,VIIRS,n,2.0NRT,304.32,21.35,D
43.48573,21.39905,352.37,0.43,0.62,2025-07-07,1219,N21,VIIRS,n,2.0NRT,305.68,8.32,D
43.5102,21.29472,331.26,0.42,0.61,2025-07-07,1219,N21,VIIRS,l,2.0NRT,304.63,4.65,D
43.51605,21.29965,340.45,0.42,0.61,2025-07-07,1219,N21,VIIRS,n,2.0NRT,304.36,4.65,D
43.52676,21.7269,346.19,0.44,0.63,2025-07-07,1219,N21,VIIRS,n,2.0NRT,306.25,6.99,D
43.51347,21.29704,347.46,0.42,0.61,2025-07-07,1219,N21,VIIRS,n,2.0NRT,306.02,7.75,D
43.60469,21.63931,338.53,0.44,0.62,2025-07-07,1219,N21,VIIRS,n,2.0NRT,306.93,9.5,D
43.61061,21.64416,367,0.44,0.62,2025-07-07,1219,N21,VIIRS,h,2.0NRT,308.86,20.95,D
43.61043,21.63856,351.68,0.44,0.62,2025-07-07,1219,N21,VIIRS,n,2.0NRT,307.17,9.5,D
43.65981,20.12663,333.75,0.37,0.58,2025-07-07,1219,N21,VIIRS,n,2.0NRT,298.06,7.81,D
43.65959,20.12206,333.7,0.37,0.58,2025-07-07,1219,N21,VIIRS,n,2.0NRT,299.81,7.83,D
43.68692,20.24686,348.33,0.37,0.58,2025-07-07,1219,N21,VIIRS,n,2.0NRT,303.18,4.3,D
43.68673,20.24282,331.76,0.37,0.58,2025-07-07,1219,N21,VIIRS,n,2.0NRT,301.36,4.3,D
43.68466,20.24672,367,0.37,0.58,2025-07-07,1219,N21,VIIRS,h,2.0NRT,304.86,8.09,D
43.72548,20.32041,353.02,0.38,0.58,2025-07-07,1219,N21,VIIRS,n,2.0NRT,306.81,6.62,D
43.73085,20.31986,334.54,0.38,0.58,2025-07-07,1219,N21,VIIRS,n,2.0NRT,305.21,2.68,D
43.77598,19.8036,354.67,0.35,0.57,2025-07-07,1219,N21,VIIRS,n,2.0NRT,293.82,9.47,D
43.77602,19.80503,337.44,0.35,0.57,2025-07-07,1219,N21,VIIRS,n,2.0NRT,292.47,5.24,D
43.77582,19.80063,349.76,0.35,0.57,2025-07-07,1219,N21,VIIRS,n,2.0NRT,296.92,5.24,D
43.90159,22.24608,339.61,0.47,0.64,2025-07-07,1219,N21,VIIRS,n,2.0NRT,304.01,6.27,D
43.93901,22.1006,367,0.47,0.64,2025-07-07,1219,N21,VIIRS,h,2.0NRT,303.96,13.94,D
43.93628,21.01933,367,0.41,0.61,2025-07-07,1219,N21,VIIRS,h,2.0NRT,304.28,19.39,D
43.93607,21.01398,355.21,0.41,0.61,2025-07-07,1219,N21,VIIRS,n,2.0NRT,303.32,19.39,D
43.93869,20.80719,333.21,0.4,0.6,2025-07-07,1219,N21,VIIRS,n,2.0NRT,299.26,4.36,D
43.93513,21.02155,337.97,0.41,0.61,2025-07-07,1219,N21,VIIRS,n,2.0NRT,300.17,17.62,D
43.93494,21.01615,354.99,0.41,0.61,2025-07-07,1219,N21,VIIRS,n,2.0NRT,307.11,17.62,D
43.93869,20.80893,330.16,0.4,0.6,2025-07-07,1219,N21,VIIRS,n,2.0NRT,299.61,5.36,D
44.02353,21.29294,367,0.42,0.61,2025-07-07,1219,N21,VIIRS,h,2.0NRT,299.31,10.37,D
44.06533,22.03471,351.02,0.46,0.64,2025-07-07,1219,N21,VIIRS,n,2.0NRT,307.52,10.1,D
44.06515,22.02846,333.76,0.46,0.64,2025-07-07,1219,N21,VIIRS,n,2.0NRT,304.59,8.91,D
44.06394,22.02976,353.91,0.46,0.64,2025-07-07,1219,N21,VIIRS,n,2.0NRT,306.55,13.97,D
44.07363,20.87032,342.2,0.4,0.6,2025-07-07,1219,N21,VIIRS,n,2.0NRT,301.85,6.01,D
44.12339,22.0548,331.7,0.47,0.64,2025-07-07,1219,N21,VIIRS,n,2.0NRT,305.36,4.25,D
44.12322,22.04849,334.15,0.46,0.64,2025-07-07,1219,N21,VIIRS,n,2.0NRT,307.17,4.25,D
44.14735,22.06942,349.38,0.47,0.64,2025-07-07,1219,N21,VIIRS,n,2.0NRT,306.55,13.57,D
44.1535,22.07827,367,0.47,0.64,2025-07-07,1219,N21,VIIRS,h,2.0NRT,308.88,22.72,D
44.15335,22.07308,337.07,0.47,0.64,2025-07-07,1219,N21,VIIRS,n,2.0NRT,305.4,13.85,D
44.71786,22.43549,334.39,0.49,0.65,2025-07-07,1219,N21,VIIRS,n,2.0NRT,301.15,5.33,D
43.20185,21.29408,302.64,0.39,0.36,2025-07-08,0035,N21,VIIRS,n,2.0NRT,290.17,1.15,N
43.13435,21.69446,304.77,0.39,0.36,2025-07-08,0035,N21,VIIRS,n,2.0NRT,290.82,0.82,N
43.13171,21.6917,303.13,0.39,0.36,2025-07-08,0035,N21,VIIRS,n,2.0NRT,290.89,0.9,N
43.13091,21.69649,305.57,0.39,0.36,2025-07-08,0035,N21,VIIRS,n,2.0NRT,290.65,1.01,N
43.12119,21.73355,321.47,0.39,0.36,2025-07-08,0035,N21,VIIRS,n,2.0NRT,289.43,1.08,N
43.19184,21.24957,298.64,0.39,0.36,2025-07-08,0035,N21,VIIRS,n,2.0NRT,288.47,0.44,N
43.07975,21.89559,326.46,0.4,0.37,2025-07-08,0035,N21,VIIRS,n,2.0NRT,292.21,3.43,N
43.11533,21.68654,301.03,0.39,0.36,2025-07-08,0035,N21,VIIRS,n,2.0NRT,289.88,0.75,N
43.11044,21.69504,327.13,0.39,0.36,2025-07-08,0035,N21,VIIRS,n,2.0NRT,290.81,2.03,N
43.11124,21.69029,313.41,0.39,0.36,2025-07-08,0035,N21,VIIRS,n,2.0NRT,291.06,2.03,N
43.10716,21.69402,314.4,0.39,0.36,2025-07-08,0035,N21,VIIRS,n,2.0NRT,291.11,2.03,N
43.11354,21.63582,301.37,0.39,0.36,2025-07-08,0035,N21,VIIRS,n,2.0NRT,290.41,0.34,N
43.18635,21.17902,324.9,0.39,0.36,2025-07-08,0035,N21,VIIRS,n,2.0NRT,288.39,2.41,N
43.10785,21.64907,303.2,0.39,0.36,2025-07-08,0035,N21,VIIRS,n,2.0NRT,288.38,0.45,N
43.10618,21.63857,323.67,0.39,0.36,2025-07-08,0035,N21,VIIRS,n,2.0NRT,290.77,2.67,N
43.10217,21.66232,300.09,0.39,0.36,2025-07-08,0035,N21,VIIRS,n,2.0NRT,289.87,0.7,N
44.70336,22.42798,318.25,0.39,0.36,2025-07-08,0035,N21,VIIRS,n,2.0NRT,292.36,2.52,N
44.7001,22.4268,305.48,0.39,0.36,2025-07-08,0035,N21,VIIRS,n,2.0NRT,289.98,0.76,N
44.74467,21.54444,300.04,0.39,0.36,2025-07-08,0035,N21,VIIRS,n,2.0NRT,288.28,0.59,N
44.88579,19.95587,322.3,0.39,0.36,2025-07-08,0035,N21,VIIRS,n,2.0NRT,302.04,37.41,N
44.88252,19.95491,301,0.39,0.36,2025-07-08,0035,N21,VIIRS,n,2.0NRT,289.04,0.8,N
44.59905,20.97778,329.7,0.38,0.36,2025-07-08,0035,N21,VIIRS,n,2.0NRT,291.53,5.73,N
44.5958,20.97677,327.75,0.38,0.36,2025-07-08,0035,N21,VIIRS,n,2.0NRT,290.1,3.12,N
44.46391,20.2128,301.77,0.39,0.36,2025-07-08,0035,N21,VIIRS,n,2.0NRT,290.17,0.63,N
44.42509,20.31075,307.98,0.38,0.36,2025-07-08,0035,N21,VIIRS,n,2.0NRT,290.97,1.02,N
44.07986,22.10492,311.39,0.39,0.36,2025-07-08,0035,N21,VIIRS,n,2.0NRT,291.19,1.46,N
43.90825,21.50983,304.74,0.39,0.36,2025-07-08,0035,N21,VIIRS,n,2.0NRT,291.01,0.8,N
44.01048,19.88811,309.75,0.39,0.36,2025-07-08,0035,N21,VIIRS,n,2.0NRT,289.09,1.12,N
43.66781,20.0723,312.02,0.38,0.36,2025-07-08,0035,N21,VIIRS,n,2.0NRT,290.75,1.19,N
43.32038,21.30416,312.1,0.39,0.36,2025-07-08,0035,N21,VIIRS,n,2.0NRT,291.36,1.27,N
43.3196,21.30886,303.45,0.39,0.36,2025-07-08,0035,N21,VIIRS,n,2.0NRT,290.4,1.27,N
43.27861,21.45167,298.83,0.39,0.36,2025-07-08,0035,N21,VIIRS,n,2.0NRT,288.51,0.6,N
43.13849,21.73088,315.08,0.39,0.36,2025-07-08,0035,N21,VIIRS,n,2.0NRT,289.8,2.41,N
43.20603,21.31017,303.6,0.39,0.36,2025-07-08,0035,N21,VIIRS,n,2.0NRT,289.42,0.81,N
43.20433,21.29976,303.69,0.39,0.36,2025-07-08,0035,N21,VIIRS,n,2.0NRT,290.05,1.59,N
43.1037,21.63284,328.56,0.39,0.36,2025-07-08,0035,N21,VIIRS,n,2.0NRT,290.9,3.06,N
43.10042,21.63184,336.04,0.39,0.36,2025-07-08,0035,N21,VIIRS,n,2.0NRT,289.58,3.94,N
43.09634,21.63557,303.57,0.39,0.36,2025-07-08,0035,N21,VIIRS,n,2.0NRT,289.06,1.23,N
43.09234,21.65919,300.02,0.39,0.36,2025-07-08,0035,N21,VIIRS,n,2.0NRT,289.29,0.32,N
43.08992,21.67344,314.71,0.39,0.36,2025-07-08,0035,N21,VIIRS,n,2.0NRT,290.4,1.58,N
43.09306,21.63457,301.9,0.39,0.36,2025-07-08,0035,N21,VIIRS,n,2.0NRT,288.46,0.91,N
43.09227,21.63929,309.32,0.39,0.36,2025-07-08,0035,N21,VIIRS,n,2.0NRT,289.76,0.91,N
43.08899,21.63828,309.58,0.39,0.36,2025-07-08,0035,N21,VIIRS,n,2.0NRT,289.47,0.91,N
43.08818,21.64299,306.01,0.39,0.36,2025-07-08,0035,N21,VIIRS,n,2.0NRT,289.93,1.15,N
43.0849,21.642,308.85,0.39,0.36,2025-07-08,0035,N21,VIIRS,n,2.0NRT,290.3,1,N
43.09045,21.58887,331.59,0.39,0.36,2025-07-08,0035,N21,VIIRS,n,2.0NRT,290.45,5.53,N
43.08644,21.61256,320.4,0.39,0.36,2025-07-08,0035,N21,VIIRS,n,2.0NRT,290.69,2.82,N
43.08564,21.6173,333.16,0.39,0.36,2025-07-08,0035,N21,VIIRS,n,2.0NRT,291.5,2.82,N
43.08959,21.57359,310.35,0.39,0.36,2025-07-08,0035,N21,VIIRS,n,2.0NRT,289.78,1.47,N
43.08878,21.57834,317.84,0.39,0.36,2025-07-08,0035,N21,VIIRS,n,2.0NRT,290.33,1.47,N
43.08638,21.59258,314.94,0.39,0.36,2025-07-08,0035,N21,VIIRS,n,2.0NRT,289.21,0.97,N
43.0839,21.58681,303.94,0.39,0.36,2025-07-08,0035,N21,VIIRS,n,2.0NRT,288.98,1.17,N
43.08311,21.59154,301.09,0.39,0.36,2025-07-08,0035,N21,VIIRS,n,2.0NRT,289.61,0.97,N
43.11613,21.35416,302.21,0.39,0.36,2025-07-08,0035,N21,VIIRS,n,2.0NRT,288.22,1.15,N
43.11287,21.35312,299.35,0.39,0.36,2025-07-08,0035,N21,VIIRS,n,2.0NRT,288.06,0.41,N
43.10309,21.34999,298.86,0.39,0.36,2025-07-08,0035,N21,VIIRS,n,2.0NRT,288.86,0.34,N
43.13861,21.09474,324.81,0.39,0.36,2025-07-08,0035,N21,VIIRS,n,2.0NRT,290.4,6.96,N
43.13783,21.09945,330.03,0.39,0.36,2025-07-08,0035,N21,VIIRS,n,2.0NRT,295.33,6.96,N
43.13614,21.08902,330.97,0.39,0.36,2025-07-08,0035,N21,VIIRS,n,2.0NRT,289.56,3.35,N
43.13536,21.09372,329.35,0.39,0.36,2025-07-08,0035,N21,VIIRS,n,2.0NRT,290.61,9.93,N
43.13458,21.09843,353.79,0.39,0.36,2025-07-08,0035,N21,VIIRS,n,2.0NRT,297.39,9.93,N
43.1338,21.10316,335.07,0.39,0.36,2025-07-08,0035,N21,VIIRS,n,2.0NRT,291.99,9.12,N
43.09563,21.333,306.06,0.39,0.36,2025-07-08,0035,N21,VIIRS,n,2.0NRT,288.63,1.25,N
43.13132,21.09741,348.91,0.39,0.36,2025-07-08,0035,N21,VIIRS,n,2.0NRT,301.87,9.93,N
43.13055,21.10213,320.67,0.39,0.36,2025-07-08,0035,N21,VIIRS,n,2.0NRT,296.12,9.12,N
43.1321,21.09273,298.88,0.39,0.36,2025-07-08,0035,N21,VIIRS,n,2.0NRT,288.12,9.93,N
43.12962,21.08707,328.9,0.39,0.36,2025-07-08,0035,N21,VIIRS,n,2.0NRT,289.28,6.07,N
43.12807,21.09642,345.06,0.39,0.36,2025-07-08,0035,N21,VIIRS,n,2.0NRT,292.4,6.43,N
43.09143,21.31702,301.94,0.39,0.36,2025-07-08,0035,N21,VIIRS,n,2.0NRT,289.8,0.57,N
43.08987,21.32637,299.7,0.39,0.36,2025-07-08,0035,N21,VIIRS,n,2.0NRT,287.96,0.64,N
43.12635,21.0861,345.02,0.39,0.36,2025-07-08,0035,N21,VIIRS,n,2.0NRT,293.33,6.07,N
43.12558,21.09079,341.94,0.39,0.36,2025-07-08,0035,N21,VIIRS,n,2.0NRT,292.21,6.43,N
43.12229,21.08763,304.93,0.39,0.36,2025-07-08,0035,N21,VIIRS,n,2.0NRT,288.72,0.98,N
43.12152,21.09231,313.46,0.39,0.36,2025-07-08,0035,N21,VIIRS,n,2.0NRT,288.02,1.23,N
43.11575,21.00212,311.03,0.39,0.36,2025-07-08,0035,N21,VIIRS,n,2.0NRT,287.05,1.32,N
42.998,21.30052,310.98,0.39,0.36,2025-07-08,0035,N21,VIIRS,n,2.0NRT,289.28,0.98,N
42.98572,21.29185,312.7,0.39,0.36,2025-07-08,0035,N21,VIIRS,n,2.0NRT,288.93,2.32,N
43.25554,19.54213,329.04,0.39,0.36,2025-07-08,0035,N21,VIIRS,n,2.0NRT,289.02,3.15,N
42.89572,21.2952,318.6,0.39,0.36,2025-07-08,0035,N21,VIIRS,n,2.0NRT,290.46,1.76,N
43.03487,20.42064,304.01,0.38,0.36,2025-07-08,0035,N21,VIIRS,n,2.0NRT,289.78,1.33,N
42.46093,21.63043,303.07,0.4,0.37,2025-07-08,0037,N21,VIIRS,n,2.0NRT,288.91,0.68,N
42.37231,21.68242,307.81,0.4,0.37,2025-07-08,0037,N21,VIIRS,n,2.0NRT,291.65,1.16,N
42.36903,21.68133,316.18,0.4,0.37,2025-07-08,0037,N21,VIIRS,n,2.0NRT,292.81,1.34,N
42.36574,21.68029,305.83,0.4,0.37,2025-07-08,0037,N21,VIIRS,n,2.0NRT,292.86,1.34,N
42.35531,21.68787,367,0.58,0.7,2025-07-08,1019,N21,VIIRS,h,2.0NRT,302.67,26.74,D
42.35329,21.68149,339.25,0.58,0.7,2025-07-08,1019,N21,VIIRS,n,2.0NRT,298.18,15.13,D
42.35357,21.69152,330.5,0.58,0.7,2025-07-08,1019,N21,VIIRS,n,2.0NRT,298.07,22.46,D
42.3516,21.68544,354.33,0.58,0.7,2025-07-08,1019,N21,VIIRS,n,2.0NRT,299.11,13.69,D
42.35776,21.68287,354.41,0.58,0.7,2025-07-08,1019,N21,VIIRS,n,2.0NRT,299.95,13.69,D
43.08566,21.89606,337.7,0.54,0.68,2025-07-08,1019,N21,VIIRS,l,2.0NRT,308.94,122.5,D
42.89527,21.29467,340.62,0.58,0.7,2025-07-08,1019,N21,VIIRS,n,2.0NRT,294.2,9.63,D
42.90143,21.29209,332.27,0.58,0.7,2025-07-08,1019,N21,VIIRS,n,2.0NRT,294.58,6.85,D
43.08695,21.89798,367,0.54,0.67,2025-07-08,1019,N21,VIIRS,h,2.0NRT,304.76,77.96,D
43.08512,21.89223,333.23,0.54,0.68,2025-07-08,1019,N21,VIIRS,n,2.0NRT,296.78,77.96,D
43.06818,21.83917,337.13,0.54,0.68,2025-07-08,1019,N21,VIIRS,n,2.0NRT,293.59,7.31,D
42.90002,21.29696,337.29,0.58,0.7,2025-07-08,1019,N21,VIIRS,n,2.0NRT,294.55,9.52,D
42.89755,21.28939,328.92,0.58,0.7,2025-07-08,1019,N21,VIIRS,n,2.0NRT,293.99,9.52,D
43.11511,21.62196,367,0.55,0.68,2025-07-08,1019,N21,VIIRS,h,2.0NRT,294.95,28.16,D
43.11538,21.62543,367,0.55,0.68,2025-07-08,1019,N21,VIIRS,h,2.0NRT,296.45,20.12,D
43.28824,21.80536,340.51,0.53,0.67,2025-07-08,1019,N21,VIIRS,n,2.0NRT,293.48,15.74,D
43.13255,21.22595,328.45,0.57,0.69,2025-07-08,1019,N21,VIIRS,n,2.0NRT,290.82,7.88,D
43.28889,21.80417,344.61,0.53,0.67,2025-07-08,1019,N21,VIIRS,n,2.0NRT,290.47,8.27,D
43.13029,21.22648,335.68,0.57,0.69,2025-07-08,1019,N21,VIIRS,n,2.0NRT,291.78,9.9,D
43.1242,21.09989,342.98,0.58,0.7,2025-07-08,1019,N21,VIIRS,n,2.0NRT,284.23,15.83,D
43.13209,21.10259,354.72,0.58,0.7,2025-07-08,1019,N21,VIIRS,n,2.0NRT,285.39,44.67,D
43.1381,21.09949,346.55,0.58,0.7,2025-07-08,1019,N21,VIIRS,n,2.0NRT,287.37,44.67,D
43.13961,21.10415,355.2,0.58,0.7,2025-07-08,1019,N21,VIIRS,l,2.0NRT,289.7,56.15,D
43.14222,21.09053,349.13,0.58,0.7,2025-07-08,1019,N21,VIIRS,n,2.0NRT,283.97,15.51,D
43.39363,21.7693,329.94,0.53,0.67,2025-07-08,1019,N21,VIIRS,n,2.0NRT,297.2,3.68,D
44.42358,20.31792,330.88,0.57,0.69,2025-07-08,1021,N21,VIIRS,n,2.0NRT,294.04,6.51,D
45.103,21.35027,334.92,0.49,0.65,2025-07-08,1021,N21,VIIRS,n,2.0NRT,300.58,7.72,D
45.10119,21.34446,332.24,0.49,0.65,2025-07-08,1021,N21,VIIRS,n,2.0NRT,299.19,7.2,D
45.10868,21.34744,333.56,0.49,0.65,2025-07-08,1021,N21,VIIRS,n,2.0NRT,298.9,3.09,D
42.67869,22.15877,343.46,0.52,0.5,2025-07-08,1200,N21,VIIRS,n,2.0NRT,301.74,21.86,D
43.83562,20.4382,329.89,0.44,0.46,2025-07-08,1202,N21,VIIRS,l,2.0NRT,301.2,3.97,D
43.13478,21.62799,298.28,0.43,0.38,2025-07-09,0018,N21,VIIRS,n,2.0NRT,286.66,0.59,N
43.13413,21.63314,299.09,0.43,0.38,2025-07-09,0018,N21,VIIRS,n,2.0NRT,287.29,0.59,N
43.13135,21.627,314.03,0.43,0.38,2025-07-09,0018,N21,VIIRS,n,2.0NRT,287.93,2.77,N
43.0819,21.65158,320.82,0.43,0.38,2025-07-09,0018,N21,VIIRS,n,2.0NRT,280.57,2.69,N
43.08982,21.58883,312.57,0.43,0.38,2025-07-09,0018,N21,VIIRS,n,2.0NRT,288.79,1.64,N
43.07845,21.65067,331.92,0.43,0.38,2025-07-09,0018,N21,VIIRS,n,2.0NRT,289.91,3.77,N
43.07912,21.64539,305.47,0.43,0.38,2025-07-09,0018,N21,VIIRS,n,2.0NRT,288.03,3.77,N
43.03604,20.42535,300.2,0.47,0.4,2025-07-09,0018,N21,VIIRS,n,2.0NRT,288.29,0.85,N
42.90346,21.28752,313.33,0.44,0.38,2025-07-09,0018,N21,VIIRS,n,2.0NRT,287.62,1.47,N
42.89862,21.29755,303.72,0.44,0.38,2025-07-09,0018,N21,VIIRS,n,2.0NRT,287.53,0.91,N
42.35829,21.67689,315.47,0.42,0.38,2025-07-09,0018,N21,VIIRS,n,2.0NRT,282.19,0.94,N
42.35763,21.68193,301.69,0.42,0.38,2025-07-09,0018,N21,VIIRS,n,2.0NRT,283.29,1.61,N
44.59687,20.97556,298.49,0.5,0.66,2025-07-10,0137,N21,VIIRS,n,2.0NRT,282.57,0.8,N
44.88584,19.95266,301.28,0.44,0.62,2025-07-10,0137,N21,VIIRS,n,2.0NRT,281.29,2.26,N
44.42294,20.31352,307.6,0.47,0.64,2025-07-10,2339,N21,VIIRS,n,2.0NRT,283.66,1.84,N
44.42484,20.31332,307.33,0.47,0.64,2025-07-10,2339,N21,VIIRS,n,2.0NRT,283.3,1.42,N
44.08226,22.10272,301.02,0.38,0.59,2025-07-10,2339,N21,VIIRS,n,2.0NRT,284.58,0.74,N
44.59867,20.97688,301.94,0.6,0.53,2025-07-11,0120,N21,VIIRS,n,2.0NRT,283.88,2.08,N
44.42484,20.3132,295.15,0.57,0.52,2025-07-11,0120,N21,VIIRS,n,2.0NRT,283.36,0.94,N
43.90749,21.51183,295.14,0.34,0.56,2025-07-11,0120,N21,VIIRS,n,2.0NRT,282.1,0.62,N
